devId|name|lastUpdate
1|E'Rockstar North'|E'2020-11-29 22:10:41'
2|E'Rocksteady Studios'|E'2020-11-29 22:10:41'
3|E'Rockstar San Diego'|E'2020-11-29 22:10:41'
4|E'SCE/WWS, Media Molecule'|E'2020-11-29 22:10:41'
5|E'Naughty Dog'|E'2020-11-29 22:10:41'
6|E'Valve Software'|E'2020-11-29 22:10:41'
7|E'Infinity Ward'|E'2020-11-29 22:10:41'
8|E'Kojima Productions'|E'2020-11-29 22:10:41'
9|E'Irrational Games'|E'2020-11-29 22:10:41'
10|E'Digital Extremes, 2K Marin'|E'2020-11-29 22:10:41'
11|E'BioWare'|E'2020-11-29 22:10:41'
12|E'Capcom'|E'2020-11-29 22:10:41'
13|E'Telltale Games'|E'2020-11-29 22:10:41'
14|E'Konami'|E'2020-11-29 22:10:41'
15|E'4J Studios'|E'2020-11-29 22:10:41'
16|E'Hothead Games, Number None Inc.'|E'2020-11-29 22:10:41'
17|E'Bethesda Game Studios'|E'2020-11-29 22:10:41'
18|E'SCE Santa Monica'|E'2020-11-29 22:10:41'
19|E'Harmonix Music Systems'|E'2020-11-29 22:10:41'
20|E'ThatGameCompany'|E'2020-11-29 22:10:41'
21|E'Bluepoint Games'|E'2020-11-29 22:10:41'
22|E'Namco Bandai Games'|E'2020-11-29 22:10:41'
23|E'Media Molecule'|E'2020-11-29 22:10:41'
24|E'Gearbox Software'|E'2020-11-29 22:10:41'
25|E'SCEA'|E'2020-11-29 22:10:41'
26|E'Guerrilla'|E'2020-11-29 22:10:41'
27|E'Ubisoft Montreal'|E'2020-11-29 22:10:41'
28|E'PopCap'|E'2020-11-29 22:10:41'
29|E'EA Sports'|E'2020-11-29 22:10:41'
30|E'Ubisoft Montpellier'|E'2020-11-29 22:10:41'
31|E'From Software'|E'2020-11-29 22:10:41'
32|E'Visual Concepts'|E'2020-11-29 22:10:41'
33|E'Falcom'|E'2020-11-29 22:10:41'
34|E'Electronic Arts'|E'2020-11-29 22:10:41'
35|E'SCEA San Diego Studios'|E'2020-11-29 22:10:41'
36|E'HexaDrive'|E'2020-11-29 22:10:41'
37|E'PLAYDEAD'|E'2020-11-29 22:10:41'
38|E'Studio Liverpool'|E'2020-11-29 22:10:41'
39|E'Firaxis Games'|E'2020-11-29 22:10:41'
40|E'Genki, Bluepoint Games'|E'2020-11-29 22:10:41'
41|E'Criterion Games'|E'2020-11-29 22:10:41'
42|E'Eidos Montreal'|E'2020-11-29 22:10:41'
43|E'Team Bondi'|E'2020-11-29 22:10:41'
44|E'Arkane Studios'|E'2020-11-29 22:10:41'
45|E'Visceral Games'|E'2020-11-29 22:10:41'
46|E'Insomniac Games, SCE/WWS'|E'2020-11-29 22:10:41'
47|E'EA Games'|E'2020-11-29 22:10:41'
48|E'EA Redwood Shores'|E'2020-11-29 22:10:41'
49|E'EA Canada'|E'2020-11-29 22:10:41'
50|E'Naughty Dog, SCE/WWS'|E'2020-11-29 22:10:41'
51|E'Ubisoft'|E'2020-11-29 22:10:41'
52|E'EA DICE'|E'2020-11-29 22:10:41'
53|E'Team Ninja'|E'2020-11-29 22:10:41'
54|E'Treyarch'|E'2020-11-29 22:10:41'
55|E'2K Marin'|E'2020-11-29 22:10:41'
56|E'Infinity Ward, Sledgehammer Games'|E'2020-11-29 22:10:41'
57|E'Codemasters'|E'2020-11-29 22:10:41'
58|E'Backbone Entertainment, Backbone Emeryville'|E'2020-11-29 22:10:41'
59|E'Arc System Works'|E'2020-11-29 22:10:41'
60|E'LucasArts'|E'2020-11-29 22:10:41'
61|E'Player X'|E'2020-11-29 22:10:41'
62|E'Rockstar Games, Rockstar Studios'|E'2020-11-29 22:10:41'
63|E'Quantic Dream'|E'2020-11-29 22:10:41'
64|E'Volition Inc.'|E'2020-11-29 22:10:41'
65|E'VooFoo Studios'|E'2020-11-29 22:10:41'
66|E'Bizarre Creations'|E'2020-11-29 22:10:41'
67|E'Eyebrow Interactive'|E'2020-11-29 22:10:41'
68|E'Clap Hanz'|E'2020-11-29 22:10:41'
69|E'Square Enix'|E'2020-11-29 22:10:41'
70|E'Hudson'|E'2020-11-29 22:10:41'
71|E'Obsidian Entertainment'|E'2020-11-29 22:10:41'
72|E'Slightly Mad Studios'|E'2020-11-29 22:10:41'
73|E'2K Sports'|E'2020-11-29 22:10:41'
74|E'SCE/WWS, SCE Japan Studio'|E'2020-11-29 22:10:41'
75|E'Traveller's Tales'|E'2020-11-29 22:10:41'
76|E'Crytek'|E'2020-11-29 22:10:41'
77|E'Mass Media'|E'2020-11-29 22:10:41'
78|E'Die Gute Fabrik'|E'2020-11-29 22:10:41'
79|E'Gaijin Entertainment'|E'2020-11-29 22:10:41'
80|E'DrinkBox Studios'|E'2020-11-29 22:10:41'
81|E'Engine Software'|E'2020-11-29 22:10:41'
82|E'Polyphony Digital'|E'2020-11-29 22:10:41'
83|E'Project Soul'|E'2020-11-29 22:10:41'
84|E'Ronimo Games'|E'2020-11-29 22:10:41'
85|E'Cherry Pop Games'|E'2020-11-29 22:10:41'
86|E'Big Huge Games'|E'2020-11-29 22:10:41'
87|E'EA Tiburon'|E'2020-11-29 22:10:41'
88|E'Q Entertainment'|E'2020-11-29 22:10:41'
89|E'id Software'|E'2020-11-29 22:10:41'
90|E'Yuke's'|E'2020-11-29 22:10:41'
91|E'Trendy Entertainment'|E'2020-11-29 22:10:41'
92|E'Relentless Software'|E'2020-11-29 22:10:41'
93|E'Starbreeze'|E'2020-11-29 22:10:41'
94|E'Tri-Crescendo'|E'2020-11-29 22:10:41'
95|E'4A Games'|E'2020-11-29 22:10:41'
96|E'Nippon Ichi Software'|E'2020-11-29 22:10:41'
97|E'EA Mobile'|E'2020-11-29 22:10:41'
98|E'Avalanche Studios'|E'2020-11-29 22:10:41'
99|E'Vlambeer'|E'2020-11-29 22:10:41'
100|E'Iron Galaxy Studios'|E'2020-11-29 22:10:41'
101|E'Ghost Games'|E'2020-11-29 22:10:41'
102|E'Q-Games'|E'2020-11-29 22:10:41'
103|E'SCE Japan Studio'|E'2020-11-29 22:10:41'
104|E'French-Bread'|E'2020-11-29 22:10:41'
105|E'TT Games'|E'2020-11-29 22:10:41'
106|E'Zen Studios'|E'2020-11-29 22:10:41'
107|E'Blue Castle Games'|E'2020-11-29 22:10:41'
108|E'Sega AM3'|E'2020-11-29 22:10:41'
109|E'Stainless Games'|E'2020-11-29 22:10:41'
110|E'Valve Software, Hidden Path Entertainment'|E'2020-11-29 22:10:41'
111|E'PlatinumGames'|E'2020-11-29 22:10:41'
112|E'Taito Corporation'|E'2020-11-29 22:10:41'
113|E'Gust'|E'2020-11-29 22:10:41'
114|E'Curve Studios'|E'2020-11-29 22:10:41'
115|E'Backbone Entertainment'|E'2020-11-29 22:10:41'
116|E'Mike Bithell'|E'2020-11-29 22:10:41'
117|E'EA Black Box'|E'2020-11-29 22:10:41'
118|E'Black Rock Studio'|E'2020-11-29 22:10:41'
119|E'Curve Studios, superflat games'|E'2020-11-29 22:10:41'
120|E'Crystal Dynamics, Nixxes Software'|E'2020-11-29 22:10:41'
121|E'Vigil Games'|E'2020-11-29 22:10:41'
122|E'Incognito Inc.'|E'2020-11-29 22:10:41'
123|E'THQ, Yuke's'|E'2020-11-29 22:10:41'
124|E'Ubisoft Toronto'|E'2020-11-29 22:10:41'
125|E'Epic Games, People Can Fly'|E'2020-11-29 22:10:41'
126|E'Pelfast'|E'2020-11-29 22:10:41'
127|E'EA Chicago'|E'2020-11-29 22:10:41'
128|E'Nitro+'|E'2020-11-29 22:10:41'
129|E'Insomniac Games'|E'2020-11-29 22:10:41'
130|E'Idol Minds, Insomniac Games'|E'2020-11-29 22:10:41'
131|E'Digital Reality, Grasshopper Manufacture'|E'2020-11-29 22:10:41'
132|E'Frozenbyte, Inc.'|E'2020-11-29 22:10:41'
133|E'Sucker Punch'|E'2020-11-29 22:10:41'
134|E'Ryu ga Gotoku Studios'|E'2020-11-29 22:10:41'
135|E'Housemarque'|E'2020-11-29 22:10:41'
136|E'Vicarious Visions'|E'2020-11-29 22:10:41'
137|E'United Front Games'|E'2020-11-29 22:10:41'
138|E'Double Fine Productions'|E'2020-11-29 22:10:41'
139|E'Io Interactive'|E'2020-11-29 22:10:41'
140|E'Neversoft Entertainment'|E'2020-11-29 22:10:41'
141|E'Mossmouth, BlitWorks'|E'2020-11-29 22:10:41'
142|E'SCEE London Studio'|E'2020-11-29 22:10:41'
143|E'Right Square Bracket Left Square Bracket Games'|E'2020-11-29 22:10:41'
144|E'Sumo Digital'|E'2020-11-29 22:10:41'
145|E'2K Czech'|E'2020-11-29 22:10:41'
146|E'Reverge Labs'|E'2020-11-29 22:10:41'
147|E'Sega AM2'|E'2020-11-29 22:10:41'
148|E'Southend Interactive'|E'2020-11-29 22:10:41'
149|E'Monolith Productions'|E'2020-11-29 22:10:41'
150|E'Vanillaware'|E'2020-11-29 22:10:41'
151|E'Just Add Water'|E'2020-11-29 22:10:41'
152|E'Farsight Studios'|E'2020-11-29 22:10:41'
153|E'Evolution Studios'|E'2020-11-29 22:10:41'
154|E'Jellyvision, Iron Galaxy Studios'|E'2020-11-29 22:10:41'
155|E'Abstraction Games, Dennaton'|E'2020-11-29 22:10:41'
156|E'UBlart Montpellier'|E'2020-11-29 22:10:41'
157|E'GRIN'|E'2020-11-29 22:10:41'
158|E'PlatinumGames, Nex Entertainment'|E'2020-11-29 22:10:41'
159|E'Sega'|E'2020-11-29 22:10:41'
160|E'Epic Games'|E'2020-11-29 22:10:41'
161|E'FreeStyleGames'|E'2020-11-29 22:10:41'
162|E'SideQuest Studios'|E'2020-11-29 22:10:41'
163|E'Gaijin Games'|E'2020-11-29 22:10:41'
164|E'4J Studios, Mojang AB'|E'2020-11-29 22:10:41'
165|E'Hello Games'|E'2020-11-29 22:10:41'
166|E'Blizzard Entertainment'|E'2020-11-29 22:10:41'
167|E'Sidhe Interactive'|E'2020-11-29 22:10:41'
168|E'Level 5'|E'2020-11-29 22:10:41'
169|E'Sanzaru Games'|E'2020-11-29 22:10:41'
170|E'The Behemoth'|E'2020-11-29 22:10:41'
171|E'Namco, Project Soul'|E'2020-11-29 22:10:41'
172|E'Virtuos'|E'2020-11-29 22:10:41'
173|E'Mercury Steam'|E'2020-11-29 22:10:41'
174|E'Ninja Theory'|E'2020-11-29 22:10:41'
175|E'Red Storm Entertainment, Ubisoft Paris'|E'2020-11-29 22:10:41'
176|E'Capy Games'|E'2020-11-29 22:10:41'
177|E'Codemasters Birmingham'|E'2020-11-29 22:10:41'
178|E'Ready at Dawn'|E'2020-11-29 22:10:41'
179|E'DICE Stockholm'|E'2020-11-29 22:10:41'
180|E'NetherRealm Studios'|E'2020-11-29 22:10:41'
181|E'Doctor Entertainment'|E'2020-11-29 22:10:41'
182|E'Creat Studios'|E'2020-11-29 22:10:41'
183|E'Airtight Games'|E'2020-11-29 22:10:41'
184|E'Giant Sparrow'|E'2020-11-29 22:10:41'
185|E'Zoink!'|E'2020-11-29 22:10:41'
186|E'Radical Entertainment'|E'2020-11-29 22:10:41'
187|E'Atlus'|E'2020-11-29 22:10:41'
188|E'Recoil Games'|E'2020-11-29 22:10:41'
189|E'Ubisoft Reflections'|E'2020-11-29 22:10:41'
190|E'Cipher Prime'|E'2020-11-29 22:10:41'
191|E'Hothead Games'|E'2020-11-29 22:10:41'
192|E'EA Salt Lake'|E'2020-11-29 22:10:41'
193|E'Kush Games'|E'2020-11-29 22:10:41'
194|E'Titan Studios'|E'2020-11-29 22:10:41'
195|E'Digital Extremes'|E'2020-11-29 22:10:41'
196|E'Ubisoft Paris'|E'2020-11-29 22:10:41'
197|E'Techland'|E'2020-11-29 22:10:41'
198|E'The Sims Studio'|E'2020-11-29 22:10:41'
199|E'Raven Software'|E'2020-11-29 22:10:41'
200|E'Crystal Dynamics'|E'2020-11-29 22:10:41'
201|E'Trapdoor'|E'2020-11-29 22:10:41'
202|E'Avalanche Software'|E'2020-11-29 22:10:41'
203|E'Zoe Mode'|E'2020-11-29 22:10:41'
204|E'Bandai Namco Games'|E'2020-11-29 22:10:41'
205|E'Epos'|E'2020-11-29 22:10:41'
206|E'24 Carat Games, 24 Caret Games'|E'2020-11-29 22:10:41'
207|E'W!Games'|E'2020-11-29 22:10:41'
208|E'Ignition Entertainment'|E'2020-11-29 22:10:41'
209|E'Terminal Reality'|E'2020-11-29 22:10:41'
210|E'11 bit studios'|E'2020-11-29 22:10:41'
211|E'Ubisoft Shanghai'|E'2020-11-29 22:10:41'
212|E'Sparpweed'|E'2020-11-29 22:10:41'
213|E'Inti Creates'|E'2020-11-29 22:10:41'
214|E'LightBox Interactive'|E'2020-11-29 22:10:41'
215|E'Toys for Bob'|E'2020-11-29 22:10:41'
216|E'Grasshopper Manufacture'|E'2020-11-29 22:10:41'
217|E'PomPom Games'|E'2020-11-29 22:10:41'
218|E'CyberConnect2'|E'2020-11-29 22:10:41'
219|E'Amanita Design'|E'2020-11-29 22:10:41'
220|E'Rockstar Games'|E'2020-11-29 22:10:41'
221|E'Kojima Productions, Moby Dick Studio'|E'2020-11-29 22:10:41'
222|E'tobyfox, 8-4'|E'2020-11-29 22:10:41'
223|E'CD Projekt Red Studio'|E'2020-11-29 22:10:41'
224|E'Larian Studios Games'|E'2020-11-29 22:10:41'
225|E'Bluepoint Games, SCE Japan Studio'|E'2020-11-29 22:10:41'
226|E'Matt Makes Games Inc.'|E'2020-11-29 22:10:41'
227|E'Capcom R&D Division 1'|E'2020-11-29 22:10:41'
228|E'Yacht Club Games'|E'2020-11-29 22:10:41'
229|E'Polytron Corp., BlitWorks'|E'2020-11-29 22:10:41'
230|E'Q Entertainment, Monstars Inc., Enhance Games'|E'2020-11-29 22:10:41'
231|E'JapanStudio'|E'2020-11-29 22:10:41'
232|E'Respawn Entertainment'|E'2020-11-29 22:10:41'
233|E'Enhance Games'|E'2020-11-29 22:10:41'
234|E'Supergiant Games'|E'2020-11-29 22:10:41'
235|E'Nicalis'|E'2020-11-29 22:10:41'
236|E'Mega Crit Games'|E'2020-11-29 22:10:41'
237|E'BlitWorks'|E'2020-11-29 22:10:41'
238|E'Steel Crate Games'|E'2020-11-29 22:10:41'
239|E'Croteam'|E'2020-11-29 22:10:41'
240|E'Cloudhead Games'|E'2020-11-29 22:10:41'
241|E'Cardboard Computer'|E'2020-11-29 22:10:41'
242|E'Thekla, Inc'|E'2020-11-29 22:10:41'
243|E'Motion Twin'|E'2020-11-29 22:10:41'
244|E'Aspyr'|E'2020-11-29 22:10:41'
245|E'Infinite Fall'|E'2020-11-29 22:10:41'
246|E'Matt Thorson'|E'2020-11-29 22:10:41'
247|E'FDG Entertainment'|E'2020-11-29 22:10:41'
248|E'Spike Chunsoft'|E'2020-11-29 22:10:41'
249|E'MachineGames'|E'2020-11-29 22:10:41'
250|E'Mossmouth, Bitworks'|E'2020-11-29 22:10:41'
251|E'FuturLab'|E'2020-11-29 22:10:41'
252|E'Sickhead Games, LLC, Eric Barone'|E'2020-11-29 22:10:41'
253|E'A Crowd of Monsters'|E'2020-11-29 22:10:41'
254|E'Omega Force, Square Enix'|E'2020-11-29 22:10:41'
255|E'5pb, Mages.'|E'2020-11-29 22:10:41'
256|E'Ron Gilbert and Gary Winnick'|E'2020-11-29 22:10:41'
257|E'Studio MDHR'|E'2020-11-29 22:10:41'
258|E'1C Entertainment'|E'2020-11-29 22:10:41'
259|E'SegaSoft, Sega, PagodaWest Games'|E'2020-11-29 22:10:41'
260|E'Sony Interactive Entertainment'|E'2020-11-29 22:10:41'
261|E'Hyperbolic Magnetism'|E'2020-11-29 22:10:41'
262|E'Bungie'|E'2020-11-29 22:10:41'
263|E'roll7'|E'2020-11-29 22:10:41'
264|E'Obsidian Entertainment, Paradox Arctic'|E'2020-11-29 22:10:41'
265|E'Brace Yourself Games'|E'2020-11-29 22:10:41'
266|E'Team Cherry'|E'2020-11-29 22:10:41'
267|E'DONTNOD Entertainment'|E'2020-11-29 22:10:41'
268|E'Image & Form'|E'2020-11-29 22:10:41'
269|E'Psyonix, Panic Button'|E'2020-11-29 22:10:41'
270|E'SquareSoft, Square Enix'|E'2020-11-29 22:10:41'
271|E'Rocky Studio'|E'2020-11-29 22:10:41'
272|E'Sukeban Games'|E'2020-11-29 22:10:41'
273|E'Schell Games'|E'2020-11-29 22:10:41'
274|E'Jackbox Games, Inc.'|E'2020-11-29 22:10:41'
275|E'Witch Beam'|E'2020-11-29 22:10:41'
276|E'Metalhead Software'|E'2020-11-29 22:10:41'
277|E'Sega, Ryu ga Gotoku Studios'|E'2020-11-29 22:10:41'
278|E'WayForward'|E'2020-11-29 22:10:41'
279|E'Cellar Door Games'|E'2020-11-29 22:10:41'
280|E'Lucid Games'|E'2020-11-29 22:10:41'
281|E'Sega, Media Vision'|E'2020-11-29 22:10:41'
282|E'Polyarc'|E'2020-11-29 22:10:41'
283|E'Team Meat'|E'2020-11-29 22:10:41'
284|E'Mimimi Productions'|E'2020-11-29 22:10:41'
285|E'EA Sports, EA Vancouver'|E'2020-11-29 22:10:41'
286|E'The Fullbright Company, Midnight City'|E'2020-11-29 22:10:41'
287|E'Tarsier Studios'|E'2020-11-29 22:10:41'
288|E'Vertical Robot'|E'2020-11-29 22:10:41'
289|E'Ska Studios'|E'2020-11-29 22:10:41'
290|E'Tom Happ'|E'2020-11-29 22:10:41'
291|E'drool Games, Drool'|E'2020-11-29 22:10:41'
292|E'Chucklefish'|E'2020-11-29 22:10:41'
293|E'Bandai Namco Games, Project Soul'|E'2020-11-29 22:10:41'
294|E'Amplitude Studios'|E'2020-11-29 22:10:41'
295|E'Llamasoft'|E'2020-11-29 22:10:41'
296|E'Housemarque, XDEV'|E'2020-11-29 22:10:41'
297|E'2K Games'|E'2020-11-29 22:10:41'
298|E'EA Vancouver'|E'2020-11-29 22:10:41'
299|E'Ubisoft Sofia'|E'2020-11-29 22:10:41'
300|E'Ninja Theory, QLOC'|E'2020-11-29 22:10:41'
301|E'Okomotive'|E'2020-11-29 22:10:41'
302|E'ArtPlay'|E'2020-11-29 22:10:41'
303|E'Beenox'|E'2020-11-29 22:10:41'
304|E'Red Hook Studios'|E'2020-11-29 22:10:41'
305|E'Sega, Sonic Team'|E'2020-11-29 22:10:41'
306|E'Villa Gorilla'|E'2020-11-29 22:10:41'
307|E'Final Form Games, LLC'|E'2020-11-29 22:10:41'
308|E'Experience Inc.'|E'2020-11-29 22:10:41'
309|E'Trinket Studios'|E'2020-11-29 22:10:41'
310|E'Facepalm Games'|E'2020-11-29 22:10:41'
311|E'Sledgehammer Games'|E'2020-11-29 22:10:41'
312|E'Gazillion'|E'2020-11-29 22:10:41'
313|E'Simogo'|E'2020-11-29 22:10:41'
314|E'Warner Bros. Interactive Entertainment, NetherRealm Studios'|E'2020-11-29 22:10:41'
315|E'SUPERHOT'|E'2020-11-29 22:10:41'
316|E'Red Candle Games'|E'2020-11-29 22:10:41'
317|E'sebagamesdev'|E'2020-11-29 22:10:41'
318|E'Capcom, Digital Eclipse'|E'2020-11-29 22:10:41'
319|E'Wargaming.net'|E'2020-11-29 22:10:41'
320|E'Those Awesome Guys'|E'2020-11-29 22:10:41'
321|E'Wide Right Interactive'|E'2020-11-29 22:10:41'
322|E'Joakim Sandberg, Konjak'|E'2020-11-29 22:10:41'
323|E'Defiant Development'|E'2020-11-29 22:10:41'
324|E'Bugbear'|E'2020-11-29 22:10:41'
325|E'Mobius Digital, LLC'|E'2020-11-29 22:10:41'
326|E'Bandai Namco Games, Slightly Mad Studios'|E'2020-11-29 22:10:41'
327|E'Gearbox Software, Iron Galaxy Studios'|E'2020-11-29 22:10:41'
328|E'Massive Entertainment'|E'2020-11-29 22:10:41'
329|E'Bungie Software, Bungie'|E'2020-11-29 22:10:41'
330|E'Playtonic Games'|E'2020-11-29 22:10:41'
331|E'Metanet Software Inc.'|E'2020-11-29 22:10:41'
332|E'Seaven Studio, SeithCG'|E'2020-11-29 22:10:41'
333|E'Edelweiss'|E'2020-11-29 22:10:41'
334|E'Thunder Lotus Games'|E'2020-11-29 22:10:41'
335|E'Mixed Realms Pte Ltd'|E'2020-11-29 22:10:41'
336|E'Coffee Stain Studios, Easy Trigger Games'|E'2020-11-29 22:10:41'
337|E'17-Bit'|E'2020-11-29 22:10:41'
338|E'Splashteam'|E'2020-11-29 22:10:41'
339|E'Level Up Labs'|E'2020-11-29 22:10:41'
340|E'Lab Zero Games'|E'2020-11-29 22:10:41'
341|E'Klei Entertainment'|E'2020-11-29 22:10:41'
342|E'Activision, Toys for Bob'|E'2020-11-29 22:10:41'
343|E'Remedy Entertainment'|E'2020-11-29 22:10:41'
344|E'Seaven Studio, Guard Crush Games, Lizardcube'|E'2020-11-29 22:10:41'
345|E'Two Point Studios'|E'2020-11-29 22:10:41'
346|E'Asteroid Base'|E'2020-11-29 22:10:41'
347|E'Nomada Studio'|E'2020-11-29 22:10:41'
348|E'Dodge Roll'|E'2020-11-29 22:10:41'
349|E'Survios'|E'2020-11-29 22:10:41'
350|E'Kunos Simulazioni'|E'2020-11-29 22:10:41'
351|E'Telltale Games, Skybound Games'|E'2020-11-29 22:10:41'
352|E'Sabotage Studio'|E'2020-11-29 22:10:41'
353|E'Kalypso'|E'2020-11-29 22:10:41'
354|E'Double Eleven'|E'2020-11-29 22:10:41'
355|E'Criterion Games, STELLAR ENTERTAINMENT SOFTWARE LTD'|E'2020-11-29 22:10:41'
356|E'Robot Entertainment'|E'2020-11-29 22:10:41'
357|E'Asobo Studio'|E'2020-11-29 22:10:41'
358|E'Arvore Immersive Experiences, LLC'|E'2020-11-29 22:10:41'
359|E'William Chyr Studio LLC'|E'2020-11-29 22:10:41'
360|E'Digital Dreams'|E'2020-11-29 22:10:41'
361|E'Fabraz'|E'2020-11-29 22:10:41'
362|E'Joysteak Studios'|E'2020-11-29 22:10:41'
363|E'Nadeo'|E'2020-11-29 22:10:41'
364|E'X.D. Network Inc.'|E'2020-11-29 22:10:41'
365|E'Tantalus'|E'2020-11-29 22:10:41'
366|E'David Wehle'|E'2020-11-29 22:10:41'
367|E'Ghost Town Games Ltd.'|E'2020-11-29 22:10:41'
368|E'Milkbag Games'|E'2020-11-29 22:10:41'
369|E'Paper Cult'|E'2020-11-29 22:10:41'
370|E'Arrowhead Game Studios'|E'2020-11-29 22:10:41'
371|E'SNK Corporation'|E'2020-11-29 22:10:41'
372|E'Tequila Works'|E'2020-11-29 22:10:41'
373|E'Cardboard Utopia'|E'2020-11-29 22:10:41'
374|E'Fatshark AB'|E'2020-11-29 22:10:41'
375|E'FitXR'|E'2020-11-29 22:10:41'
376|E'Saber Interactive'|E'2020-11-29 22:10:41'
377|E'Lunar Ray Games'|E'2020-11-29 22:10:41'
378|E'Radical Fish Games'|E'2020-11-29 22:10:41'
379|E'Ubisoft, Ubisoft Montreal'|E'2020-11-29 22:10:41'
380|E'LegionVR, LLC'|E'2020-11-29 22:10:41'
381|E'Code Mystics Inc., Hopoo Games'|E'2020-11-29 22:10:41'
382|E'JW, Kitty, Jukio, and Dom'|E'2020-11-29 22:10:41'
383|E'11 bit studios, Digital Sun'|E'2020-11-29 22:10:41'
384|E'The Astronauts'|E'2020-11-29 22:10:41'
385|E'Digital Reality'|E'2020-11-29 22:10:41'
386|E'Bandai Namco Games, QLOC'|E'2020-11-29 22:10:41'
387|E'5pb'|E'2020-11-29 22:10:41'
388|E'Beamdog'|E'2020-11-29 22:10:41'
389|E'Flight School Studio'|E'2020-11-29 22:10:41'
390|E'505 Games'|E'2020-11-29 22:10:41'
391|E'Mediatonic'|E'2020-11-29 22:10:41'
392|E'KT Racing'|E'2020-11-29 22:10:41'
393|E'Wholesale Algorithms'|E'2020-11-29 22:10:41'
394|E'Nordic Games Publishing, Kaiko'|E'2020-11-29 22:10:41'
395|E'Choice Provisions'|E'2020-11-29 22:10:41'
396|E'miHoYo'|E'2020-11-29 22:10:41'
397|E'Steel Wool Games, Inc., Steel Wool Games'|E'2020-11-29 22:10:41'
398|E'Chair Entertainment'|E'2020-11-29 22:10:41'
399|E'Clever Endeavour Games'|E'2020-11-29 22:10:41'
400|E'Unknown Worlds Entertainment, Panic Button'|E'2020-11-29 22:10:41'
401|E'Secret Location'|E'2020-11-29 22:10:41'
402|E'Pasta Games'|E'2020-11-29 22:10:41'
403|E'Pyramid'|E'2020-11-29 22:10:41'
404|E'Panic Button'|E'2020-11-29 22:10:41'
405|E'Veewo Games'|E'2020-11-29 22:10:41'
406|E'AggroCrab'|E'2020-11-29 22:10:41'
407|E'Deck Nine Games'|E'2020-11-29 22:10:41'
408|E'Steel Mantis'|E'2020-11-29 22:10:41'
409|E'Introversion, Double Eleven'|E'2020-11-29 22:10:41'
410|E'Project Aces'|E'2020-11-29 22:10:41'
411|E'Black Forest Games'|E'2020-11-29 22:10:41'
412|E'Demimonde'|E'2020-11-29 22:10:41'
413|E'Tribetoy'|E'2020-11-29 22:10:41'
414|E'Lince Works'|E'2020-11-29 22:10:41'
415|E'Compile Heart'|E'2020-11-29 22:10:41'
416|E'Phoenix Labs'|E'2020-11-29 22:10:41'
417|E'Pillow Castle Games'|E'2020-11-29 22:10:41'
418|E'Heart Machine'|E'2020-11-29 22:10:41'
419|E'InXile Entertainment'|E'2020-11-29 22:10:41'
420|E'House House'|E'2020-11-29 22:10:41'
421|E'Megagon Industries'|E'2020-11-29 22:10:41'
422|E'Piccolo'|E'2020-11-29 22:10:41'
423|E'Pixel Ripped Inc.'|E'2020-11-29 22:10:41'
424|E'Tango Gameworks'|E'2020-11-29 22:10:41'
425|E'Moppin'|E'2020-11-29 22:10:41'
426|E'CreSpirit'|E'2020-11-29 22:10:41'
427|E'Koei Tecmo Games'|E'2020-11-29 22:10:41'
428|E'Acid Wizard Studio'|E'2020-11-29 22:10:41'
429|E'David OReilly'|E'2020-11-29 22:10:41'
430|E'Stoic'|E'2020-11-29 22:10:41'
431|E'Wired Productions'|E'2020-11-29 22:10:41'
432|E'Milkstone Studios'|E'2020-11-29 22:10:41'
433|E'Aksys Games'|E'2020-11-29 22:10:41'
434|E'Dead Mage Studio, Dead Mage'|E'2020-11-29 22:10:41'
435|E'343 Industries'|E'2020-11-29 22:10:41'
436|E'Treasure'|E'2020-11-29 22:10:41'
437|E'Infinite Interactive'|E'2020-11-29 22:10:41'
438|E'Bethesda Softworks'|E'2020-11-29 22:10:41'
439|E'RedLynx'|E'2020-11-29 22:10:41'
440|E'PLAYGROUND, Playground Games'|E'2020-11-29 22:10:41'
441|E'Day 1 Studios'|E'2020-11-29 22:10:41'
442|E'Rare Ltd.'|E'2020-11-29 22:10:41'
443|E'Twisted Pixel Games'|E'2020-11-29 22:10:41'
444|E'Turn 10'|E'2020-11-29 22:10:41'
445|E'Ubisoft, RedLynx'|E'2020-11-29 22:10:41'
446|E'Lionhead Studios'|E'2020-11-29 22:10:41'
447|E'Digital Eclipse'|E'2020-11-29 22:10:41'
448|E'Certain Affinity'|E'2020-11-29 22:10:41'
449|E'Playground Games'|E'2020-11-29 22:10:41'
450|E'Bloober Team'|E'2020-11-29 22:10:41'
451|E'Dreamloop Games'|E'2020-11-29 22:10:41'
452|E'Campo Santo'|E'2020-11-29 22:10:41'
453|E'Triumph Studios'|E'2020-11-29 22:10:41'
454|E'Bluehole, Inc.'|E'2020-11-29 22:10:41'
455|E'Shin'en'|E'2020-11-29 22:10:41'
456|E'Rare Ltd., Code Mystics Inc.'|E'2020-11-29 22:10:41'
457|E'Ubisoft San Francisco'|E'2020-11-29 22:10:41'
458|E'The Coalition'|E'2020-11-29 22:10:41'
459|E'Airship Syndicate Entertainment'|E'2020-11-29 22:10:41'
460|E'White Owls'|E'2020-11-29 22:10:41'
461|E'Stoic Jester Studios, Stoic'|E'2020-11-29 22:10:41'
462|E'ROCKFISH Games'|E'2020-11-29 22:10:41'
463|E'Messhof'|E'2020-11-29 22:10:41'
464|E'Through Games'|E'2020-11-29 22:10:41'
465|E'Flippfly'|E'2020-11-29 22:10:41'
466|E'Triple Topping Games'|E'2020-11-29 22:10:41'
467|E'No Code'|E'2020-11-29 22:10:41'
468|E'Crackshell'|E'2020-11-29 22:10:41'
469|E'Capcom, M-Two'|E'2020-11-29 22:10:41'
470|E'Level 91 Entertainment'|E'2020-11-29 22:10:41'
471|E'Size Five Games'|E'2020-11-29 22:10:41'
472|E'Throughline Games'|E'2020-11-29 22:10:41'
473|E'Gaming Minds Studios'|E'2020-11-29 22:10:41'
474|E'EA LA'|E'2020-11-29 22:10:41'
475|E'Sega, Backbone Entertainment'|E'2020-11-29 22:10:41'
476|E'Ensemble Studios'|E'2020-11-29 22:10:41'
477|E'Runic Games'|E'2020-11-29 22:10:41'
478|E'Signal Studios'|E'2020-11-29 22:10:41'
479|E'Carbonated Games'|E'2020-11-29 22:10:41'
480|E'17 Bit, 17-Bit'|E'2020-11-29 22:10:41'
481|E'Void Star Creations'|E'2020-11-29 22:10:41'
482|E'Pocketwatch Games'|E'2020-11-29 22:10:41'
483|E'Certain Affinity, Bungie'|E'2020-11-29 22:10:41'
484|E'Team Ninja, Tecmo'|E'2020-11-29 22:10:41'
485|E'Mad Doc Software, Rockstar Vancouver'|E'2020-11-29 22:10:41'
486|E'Codeglue'|E'2020-11-29 22:10:41'
487|E'3D Realms'|E'2020-11-29 22:10:41'
488|E'Introversion'|E'2020-11-29 22:10:41'
489|E'Climax Group, Climax Studios'|E'2020-11-29 22:10:41'
490|E'Cyclone Zero'|E'2020-11-29 22:10:41'
491|E'NinjaBee'|E'2020-11-29 22:10:41'
492|E'M2'|E'2020-11-29 22:10:41'
493|E'Team17'|E'2020-11-29 22:10:41'
494|E'Slick Entertainment'|E'2020-11-29 22:10:41'
495|E'The Odd Gentlemen'|E'2020-11-29 22:10:41'
496|E'Realtime Worlds'|E'2020-11-29 22:10:41'
497|E'Humble Hearts'|E'2020-11-29 22:10:41'
498|E'Hidden Path Entertainment'|E'2020-11-29 22:10:41'
499|E'Eden Studios'|E'2020-11-29 22:10:41'
500|E'Gameloft'|E'2020-11-29 22:10:41'
501|E'THQ Nordic'|E'2020-11-29 22:10:41'
502|E'Giant Squid'|E'2020-11-29 22:10:41'
503|E'Qute'|E'2020-11-29 22:10:41'
504|E'Grinding Gear Games'|E'2020-11-29 22:10:41'
505|E'Ghost Ship Games'|E'2020-11-29 22:10:41'
506|E'Big Ant Studios'|E'2020-11-29 22:10:41'
507|E'Ripstone'|E'2020-11-29 22:10:41'
508|E'Frontier Developments'|E'2020-11-29 22:10:41'
509|E'Frictional Games'|E'2020-11-29 22:10:41'
510|E'Splash Damage, The Coalition'|E'2020-11-29 22:10:41'
511|E'Locomalito'|E'2020-11-29 22:10:41'
512|E'Curve Digital'|E'2020-11-29 22:10:41'
513|E'Abstraction Games, Tequila Works, Cavalier Game Studios'|E'2020-11-29 22:10:41'
514|E'Epic llama warchief'|E'2020-11-29 22:10:41'
515|E'JoyMasher, Seaven Studio'|E'2020-11-29 22:10:41'
516|E'The Game Kitchen'|E'2020-11-29 22:10:41'
517|E'GameDesignDan'|E'2020-11-29 22:10:41'
518|E'High Tea Frog'|E'2020-11-29 22:10:41'
519|E'Digital Eclipse, SNK'|E'2020-11-29 22:10:41'
520|E'Milestone S.r.l, Dorna Sports S.L.'|E'2020-11-29 22:10:41'
521|E'Extend Studio'|E'2020-11-29 22:10:41'
522|E'tinyBuild'|E'2020-11-29 22:10:41'
523|E'People Can Fly'|E'2020-11-29 22:10:41'
524|E'MixedBag'|E'2020-11-29 22:10:41'
525|E'Press Play'|E'2020-11-29 22:10:41'
526|E'ZeniMax Media'|E'2020-11-29 22:10:41'
527|E'The Wild Gentlemen'|E'2020-11-29 22:10:41'
528|E'Paradox Development Studio'|E'2020-11-29 22:10:41'
529|E'Smart Bomb Interactive'|E'2020-11-29 22:10:41'
530|E'SNK Playmore'|E'2020-11-29 22:10:41'
531|E'Uber Entertainment'|E'2020-11-29 22:10:41'
532|E'High Moon Studios'|E'2020-11-29 22:10:41'
533|E'KCET'|E'2020-11-29 22:10:41'
534|E'Sierra Online'|E'2020-11-29 22:10:41'
535|E'GarageGames'|E'2020-11-29 22:10:41'
536|E'Mistwalker, Artoon'|E'2020-11-29 22:10:41'
537|E'Mistwalker'|E'2020-11-29 22:10:41'
538|E'Moon Studios'|E'2020-11-29 22:10:41'
539|E'Supra Games'|E'2020-11-29 22:10:41'
540|E'Noio'|E'2020-11-29 22:10:41'
541|E'Ben Esposito'|E'2020-11-29 22:10:41'
542|E'Playniac'|E'2020-11-29 22:10:41'
543|E'IronOak Games'|E'2020-11-29 22:10:41'
544|E'Infinite Dreams Inc.'|E'2020-11-29 22:10:41'
545|E'Microsoft Game Studios'|E'2020-11-29 22:10:41'
546|E'Artifex Mundi'|E'2020-11-29 22:10:41'
547|E'Coldwood Interactive'|E'2020-11-29 22:10:41'
548|E'Paper Castle Games'|E'2020-11-29 22:10:41'
549|E'Ravenscourt'|E'2020-11-29 22:10:41'
550|E'VEWO Interactive Inc.'|E'2020-11-29 22:10:41'
551|E'Pugstorm'|E'2020-11-29 22:10:41'
552|E'The Voxel Agents'|E'2020-11-29 22:10:41'
553|E'Spearhead Games'|E'2020-11-29 22:10:41'
554|E'Crazy Monkey Studios'|E'2020-11-29 22:10:41'
555|E'Abstraction Games, Ronimo Games'|E'2020-11-29 22:10:41'
556|E'Exordium Games'|E'2020-11-29 22:10:41'
557|E'Gunfire Games'|E'2020-11-29 22:10:41'
558|E'Kongregate'|E'2020-11-29 22:10:41'
559|E'Microsoft Game Studios, Microsoft'|E'2020-11-29 22:10:41'
560|E'Rebellion'|E'2020-11-29 22:10:41'
561|E'HIPSTER WHALE'|E'2020-11-29 22:10:41'
562|E'Plug In Digital'|E'2020-11-29 22:10:41'
563|E'Triangle Studios'|E'2020-11-29 22:10:41'
564|E'SMG Studio'|E'2020-11-29 22:10:41'
565|E'Lizardcube'|E'2020-11-29 22:10:41'
566|E'High Voltage Software, The Bearded Ladies Consulting'|E'2020-11-29 22:10:41'
567|E'Jason Roberts'|E'2020-11-29 22:10:41'
568|E'Konami, M2'|E'2020-11-29 22:10:41'
569|E'Sam Barlow'|E'2020-11-29 22:10:41'
570|E'EA Sports, EA Canada'|E'2020-11-29 22:10:41'
571|E'Red Barrels'|E'2020-11-29 22:10:41'
572|E'Mad Fellows Ltd'|E'2020-11-29 22:10:41'
573|E'Monomi Park'|E'2020-11-29 22:10:41'
574|E'Awesome Games Studio'|E'2020-11-29 22:10:41'
575|E'Bulkhead Interactive'|E'2020-11-29 22:10:41'
576|E'Massive Monster'|E'2020-11-29 22:10:41'
577|E'Take-Two Interactive'|E'2020-11-29 22:10:41'
578|E'Ndemic Creations'|E'2020-11-29 22:10:41'
579|E'HB Studios Multimedia'|E'2020-11-29 22:10:41'
580|E'League of Geeks'|E'2020-11-29 22:10:41'
581|E'Wonderbelly Games'|E'2020-11-29 22:10:41'
582|E'Hi-Rez Studios'|E'2020-11-29 22:10:41'
583|E'NeocoreGames'|E'2020-11-29 22:10:41'
584|E'Woblyware'|E'2020-11-29 22:10:41'
585|E'overGame Studio'|E'2020-11-29 22:10:41'
586|E'Playful Corp.'|E'2020-11-29 22:10:41'
587|E'Hazelight'|E'2020-11-29 22:10:41'
588|E'PixelNAUTS'|E'2020-11-29 22:10:41'
589|E'Lucky Mountain Games'|E'2020-11-29 22:10:41'
590|E'Bulwark Studios'|E'2020-11-29 22:10:41'
591|E'Pixelnest Studio'|E'2020-11-29 22:10:41'
592|E'Big Bad Wolf'|E'2020-11-29 22:10:41'
593|E'Abstraction Games'|E'2020-11-29 22:10:41'
594|E'Crunching Koalas'|E'2020-11-29 22:10:41'
595|E'Batterystaple Games'|E'2020-11-29 22:10:41'
596|E'Tripwire Interactive'|E'2020-11-29 22:10:41'
597|E'Nicolas Meyssonnier'|E'2020-11-29 22:10:41'
598|E'SadSquare Studio'|E'2020-11-29 22:10:41'
599|E'Over the Top Games'|E'2020-11-29 22:10:41'
600|E'Electronic Arts, EA Tiburon'|E'2020-11-29 22:10:41'
601|E'Tribute Games'|E'2020-11-29 22:10:41'
602|E'Petroglyph, Soedesco'|E'2020-11-29 22:10:41'
603|E'Humble Bundle'|E'2020-11-29 22:10:41'
604|E'The Fullbright Company, Fullbright'|E'2020-11-29 22:10:41'
605|E'Creative Assembly'|E'2020-11-29 22:10:41'
606|E'Deck 13'|E'2020-11-29 22:10:41'
607|E'Haemimont Games'|E'2020-11-29 22:10:41'
608|E'Rain Games, Soedesco'|E'2020-11-29 22:10:41'
609|E'KING Art'|E'2020-11-29 22:10:41'
610|E'Techland, ONE MORE LEVEL'|E'2020-11-29 22:10:41'
611|E'Hangar 13'|E'2020-11-29 22:10:41'
612|E'Mighty Polygon'|E'2020-11-29 22:10:41'
613|E'Night Dive Studios'|E'2020-11-29 22:10:41'
614|E'PM Studios Inc.'|E'2020-11-29 22:10:41'
615|E'Spiders'|E'2020-11-29 22:10:41'
616|E'Flying Wild Hog'|E'2020-11-29 22:10:41'
617|E'Digerati Distribution, Digerati'|E'2020-11-29 22:10:41'
618|E'Prideful Sloth'|E'2020-11-29 22:10:41'
619|E'PaperSeven'|E'2020-11-29 22:10:41'
620|E'Sports Interactive'|E'2020-11-29 22:10:41'
621|E'Westwood Studios'|E'2020-11-29 22:10:41'
622|E'MPS Labs'|E'2020-11-29 22:10:41'
623|E'Wube Software LTD.'|E'2020-11-29 22:10:41'
624|E'Relic'|E'2020-11-29 22:10:41'
625|E'DMA Design, Rockstar North'|E'2020-11-29 22:10:41'
626|E'Mojang AB'|E'2020-11-29 22:10:41'
627|E'Maxis'|E'2020-11-29 22:10:41'
628|E'Looking Glass Studios, Irrational Games'|E'2020-11-29 22:10:41'
629|E'Looking Glass Studios'|E'2020-11-29 22:10:41'
630|E'Stardock'|E'2020-11-29 22:10:41'
631|E'Out Of The Park Developments'|E'2020-11-29 22:10:41'
632|E'Headgate'|E'2020-11-29 22:10:41'
633|E'2015'|E'2020-11-29 22:10:41'
634|E'1C, 1C Entertainment'|E'2020-11-29 22:10:41'
635|E'Funcom'|E'2020-11-29 22:10:41'
636|E'Ty Taylor and Mario Castaneda'|E'2020-11-29 22:10:41'
637|E'Paradox Interactive'|E'2020-11-29 22:10:41'
638|E'Digital Illusions'|E'2020-11-29 22:10:41'
639|E'Black Isle Studios'|E'2020-11-29 22:10:41'
640|E'ZA/UM'|E'2020-11-29 22:10:41'
641|E'2D Boy'|E'2020-11-29 22:10:41'
642|E'Splash Damage'|E'2020-11-29 22:10:41'
643|E'Ion Storm'|E'2020-11-29 22:10:41'
644|E'increpare'|E'2020-11-29 22:10:41'
645|E'BitFinity'|E'2020-11-29 22:10:41'
646|E'Zachtronics Industries'|E'2020-11-29 22:10:41'
647|E'Lead Pursuit'|E'2020-11-29 22:10:41'
648|E'ArenaNet'|E'2020-11-29 22:10:41'
649|E'My Dog Zorro'|E'2020-11-29 22:10:41'
650|E'Subset Games'|E'2020-11-29 22:10:41'
651|E'SimBin'|E'2020-11-29 22:10:41'
652|E'Shiny Entertainment'|E'2020-11-29 22:10:41'
653|E'Draw Me A Pixel'|E'2020-11-29 22:10:41'
654|E'Papyrus'|E'2020-11-29 22:10:41'
655|E'Barking Dog'|E'2020-11-29 22:10:41'
656|E'Big Time Software'|E'2020-11-29 22:10:41'
657|E''|E'2020-11-29 22:10:41'
658|E'Legend Entertainment'|E'2020-11-29 22:10:41'
659|E'Strategic Studies Group'|E'2020-11-29 22:10:41'
660|E'Outrage Games'|E'2020-11-29 22:10:41'
661|E'Parallax Software'|E'2020-11-29 22:10:41'
662|E'Lucas Pope'|E'2020-11-29 22:10:41'
663|E'PopTop Software'|E'2020-11-29 22:10:41'
664|E'Sanzaru'|E'2020-11-29 22:10:41'
665|E'New Blood Interactive'|E'2020-11-29 22:10:41'
666|E'Shockwave Productions'|E'2020-11-29 22:10:41'
667|E'Illusion Softworks'|E'2020-11-29 22:10:41'
668|E'Milestone S.r.l'|E'2020-11-29 22:10:41'
669|E'SQUADTeam, Squad'|E'2020-11-29 22:10:41'
670|E'Dynamix'|E'2020-11-29 22:10:41'
671|E'Terry Cavanagh'|E'2020-11-29 22:10:41'
672|E'Turbine Inc.'|E'2020-11-29 22:10:41'
673|E'Gray Matter'|E'2020-11-29 22:10:41'
674|E'Blendo Games'|E'2020-11-29 22:10:41'
675|E'2x2 Games'|E'2020-11-29 22:10:41'
676|E'Davey Wreden'|E'2020-11-29 22:10:41'
677|E'Peter Stock'|E'2020-11-29 22:10:41'
678|E'CCP'|E'2020-11-29 22:10:41'
679|E'The Counter-Strike Team'|E'2020-11-29 22:10:41'
680|E'Mythic Entertainment'|E'2020-11-29 22:10:41'
681|E'Blizzard North'|E'2020-11-29 22:10:41'
682|E'Harebrained Schemes LLC'|E'2020-11-29 22:10:41'
683|E'Ludeon Studios'|E'2020-11-29 22:10:41'
684|E'Ironclad Games'|E'2020-11-29 22:10:41'
685|E'FASA Studio'|E'2020-11-29 22:10:41'
686|E'Hempuli Oy'|E'2020-11-29 22:10:41'
687|E'TimeGate Studios'|E'2020-11-29 22:10:41'
688|E'Hasbro Interactive, Atari'|E'2020-11-29 22:10:41'
689|E'Eagle Dynamics'|E'2020-11-29 22:10:41'
690|E'Riot Games'|E'2020-11-29 22:10:41'
691|E'Wadjet Eye Games'|E'2020-11-29 22:10:41'
692|E'Failbetter Games'|E'2020-11-29 22:10:41'
693|E'Impressions Games'|E'2020-11-29 22:10:41'
694|E'A Sharp'|E'2020-11-29 22:10:41'
695|E'Cryptozoic Entertainment, Hex Entertainment'|E'2020-11-29 22:10:41'
696|E'Asymmetric Publications'|E'2020-11-29 22:10:41'
697|E'Pyro Studios'|E'2020-11-29 22:10:41'
698|E'The Fullbright Company'|E'2020-11-29 22:10:41'
699|E'Gas Powered Games'|E'2020-11-29 22:10:41'
700|E'Mucky Foot Productions'|E'2020-11-29 22:10:41'
701|E'Razorworks'|E'2020-11-29 22:10:41'
702|E'machineboy'|E'2020-11-29 22:10:41'
703|E'Moonsprout Games'|E'2020-11-29 22:10:41'
704|E'Cave'|E'2020-11-29 22:10:41'
705|E'Cavedog Entertainment'|E'2020-11-29 22:10:41'
706|E'eSim Games'|E'2020-11-29 22:10:41'
707|E'Sony Online Entertainment'|E'2020-11-29 22:10:41'
708|E'Flashback Games'|E'2020-11-29 22:10:41'
709|E'Nerdook Productions, Nerdook'|E'2020-11-29 22:10:41'
710|E'Daniel Mullins Games'|E'2020-11-29 22:10:41'
711|E'EA Mythic'|E'2020-11-29 22:10:41'
712|E'1C: Maddox Games'|E'2020-11-29 22:10:41'
713|E'Resolution Games'|E'2020-11-29 22:10:41'
714|E'Hopoo Games'|E'2020-11-29 22:10:41'
715|E'Colossal Order'|E'2020-11-29 22:10:41'
716|E'Atari, MicroProse'|E'2020-11-29 22:10:41'
717|E'Red Storm Entertainment'|E'2020-11-29 22:10:41'
718|E'BudCat'|E'2020-11-29 22:10:41'
719|E'Almost Human'|E'2020-11-29 22:10:41'
720|E'Free Lives'|E'2020-11-29 22:10:41'
721|E'Paragon Studios, Cryptic Studios'|E'2020-11-29 22:10:41'
722|E'Dreamworks Games'|E'2020-11-29 22:10:41'
723|E'Shiny Shoe'|E'2020-11-29 22:10:41'
724|E'Jacob Janerka'|E'2020-11-29 22:10:41'
725|E'Stunlock Studios'|E'2020-11-29 22:10:41'
726|E'Planet Moon Studios'|E'2020-11-29 22:10:41'
727|E'Sir-Tech Software Inc.'|E'2020-11-29 22:10:41'
728|E'Bohemia Interactive'|E'2020-11-29 22:10:41'
729|E'Snapshot Games Inc.'|E'2020-11-29 22:10:41'
730|E'Spooky Squid Games'|E'2020-11-29 22:10:41'
731|E'Nintendo'|E'2020-11-29 22:10:41'
732|E'Nintendo, HAL Labs, Bandai Namco Games, Sora Ltd.'|E'2020-11-29 22:10:41'
733|E'Nintendo, PlatinumGames'|E'2020-11-29 22:10:41'
734|E'Vblank Entertainment Inc.'|E'2020-11-29 22:10:41'
735|E'Mountains'|E'2020-11-29 22:10:41'
736|E'Monolith Soft'|E'2020-11-29 22:10:41'
737|E'Intelligent Systems, Koei Tecmo Games'|E'2020-11-29 22:10:41'
738|E'Game Grumps'|E'2020-11-29 22:10:41'
739|E'adamgryu'|E'2020-11-29 22:10:41'
740|E'Flyhigh Works'|E'2020-11-29 22:10:41'
741|E'Nintendo, GREZZO'|E'2020-11-29 22:10:41'
742|E'Retro Studios'|E'2020-11-29 22:10:41'
743|E'dreamfeel'|E'2020-11-29 22:10:41'
744|E'World Pavilion'|E'2020-11-29 22:10:41'
745|E'Next Level Games, Nintendo'|E'2020-11-29 22:10:41'
746|E'Koch Media'|E'2020-11-29 22:10:41'
747|E'Radial Games Corp., Dinosaur Polo Club'|E'2020-11-29 22:10:41'
748|E'Saber Interactive, CD Projekt Red Studio'|E'2020-11-29 22:10:41'
749|E'Edmund McMillen, Nicalis'|E'2020-11-29 22:10:41'
750|E'Vertigo Games'|E'2020-11-29 22:10:41'
751|E'Finji'|E'2020-11-29 22:10:41'
752|E'SFB Games'|E'2020-11-29 22:10:41'
753|E'Renegade Kid, Atooi LLC'|E'2020-11-29 22:10:41'
754|E'Eighting, Nintendo'|E'2020-11-29 22:10:41'
755|E'Ubisoft, Ubisoft Paris, Ubisoft Milan'|E'2020-11-29 22:10:41'
756|E'Tendershoot'|E'2020-11-29 22:10:41'
757|E'Mebius'|E'2020-11-29 22:10:41'
758|E'Triband'|E'2020-11-29 22:10:41'
759|E'Beard Envy'|E'2020-11-29 22:10:41'
760|E'Two Tribes'|E'2020-11-29 22:10:41'
761|E'inkle'|E'2020-11-29 22:10:41'
762|E'Paul Helman'|E'2020-11-29 22:10:41'
763|E'Ubisoft Montpellier, Pasta Games'|E'2020-11-29 22:10:41'
764|E'Raw Fury, Noio'|E'2020-11-29 22:10:41'
765|E'Doragon Entertainment'|E'2020-11-29 22:10:41'
766|E'Rutubo Games'|E'2020-11-29 22:10:41'
767|E'Gabe Cuzzillo'|E'2020-11-29 22:10:41'
768|E'Yumekobo'|E'2020-11-29 22:10:41'
769|E'Sega, M2'|E'2020-11-29 22:10:41'
770|E'Freebird Games, X.D. Network Inc.'|E'2020-11-29 22:10:41'
771|E'Berzerk Studio'|E'2020-11-29 22:10:41'
772|E'Arika, Nintendo'|E'2020-11-29 22:10:41'
773|E'Silver Dollar Games'|E'2020-11-29 22:10:41'
774|E'Zeboyd Games'|E'2020-11-29 22:10:41'
775|E'Double Damage Games'|E'2020-11-29 22:10:41'
776|E'Landon Podbielski'|E'2020-11-29 22:10:41'
777|E'Rage Software'|E'2020-11-29 22:10:41'
778|E'Foam Sword Games'|E'2020-11-29 22:10:41'
779|E'Square Enix, Acquire'|E'2020-11-29 22:10:41'
780|E'Gambitious'|E'2020-11-29 22:10:41'
781|E'Engine Software, Grasshopper Manufacture'|E'2020-11-29 22:10:41'
782|E'Sonic Team'|E'2020-11-29 22:10:41'
783|E'Askiisoft'|E'2020-11-29 22:10:41'
784|E'Liquid Bit'|E'2020-11-29 22:10:41'
785|E'Studio Largo'|E'2020-11-29 22:10:41'
786|E'Omega Force'|E'2020-11-29 22:10:41'
787|E'Pixelatto'|E'2020-11-29 22:10:41'
788|E'Otomate'|E'2020-11-29 22:10:41'
789|E'Parallel Circles'|E'2020-11-29 22:10:41'
790|E'Aquiris Game Studio'|E'2020-11-29 22:10:41'
791|E'Reikon Games'|E'2020-11-29 22:10:41'
792|E'Ubisoft Milan'|E'2020-11-29 22:10:41'
793|E'Sega AM2, M2'|E'2020-11-29 22:10:41'
794|E'Terri, Dose, Kitty, and JW'|E'2020-11-29 22:10:41'
795|E'Ignition Publishing'|E'2020-11-29 22:10:41'
796|E'Ludopium GmbH'|E'2020-11-29 22:10:41'
797|E'Dennaton'|E'2020-11-29 22:10:41'
798|E'Gearbox Publishing, Turn Me Up Games'|E'2020-11-29 22:10:41'
799|E'Powerhoof'|E'2020-11-29 22:10:41'
800|E'GalaxyTrail'|E'2020-11-29 22:10:41'
801|E'Nigoro'|E'2020-11-29 22:10:41'
802|E'Reptile'|E'2020-11-29 22:10:41'
803|E'Nintendo, Nd Cube'|E'2020-11-29 22:10:41'
804|E'Nintendo EAD Tokyo , Nintendo Software Technology'|E'2020-11-29 22:10:41'
805|E'Greg Lobanov, Dumb and Fat Games'|E'2020-11-29 22:10:41'
806|E'Rayark Inc.'|E'2020-11-29 22:10:41'
807|E'Night School Studio'|E'2020-11-29 22:10:41'
808|E'Rain Games'|E'2020-11-29 22:10:41'
809|E'Mi'pu'mi Games'|E'2020-11-29 22:10:41'
810|E'Kaizen Game Works'|E'2020-11-29 22:10:41'
811|E'Sketchy Logic'|E'2020-11-29 22:10:41'
812|E'Vladimir Fedyushkin'|E'2020-11-29 22:10:41'
813|E'Retroid'|E'2020-11-29 22:10:41'
814|E'Neverland'|E'2020-11-29 22:10:41'
815|E'D'Avekki Studios Limited'|E'2020-11-29 22:10:41'
816|E'Data East, DotEmu'|E'2020-11-29 22:10:41'
817|E'Nintendo Software Technology'|E'2020-11-29 22:10:41'
818|E'Sunhead Games'|E'2020-11-29 22:10:41'
819|E'Spooky Doorway'|E'2020-11-29 22:10:41'
820|E'Sharkbomb Studios'|E'2020-11-29 22:10:41'
821|E'Greenheart Games'|E'2020-11-29 22:10:41'
822|E'HAL Labs'|E'2020-11-29 22:10:41'
823|E'Deconstructeam'|E'2020-11-29 22:10:41'
824|E'Nintendo, SFB Games'|E'2020-11-29 22:10:41'
825|E'NExT Studios'|E'2020-11-29 22:10:41'
826|E'Game Freak'|E'2020-11-29 22:10:41'
827|E'Do My Best Games'|E'2020-11-29 22:10:41'
828|E'Caracal Games'|E'2020-11-29 22:10:41'
829|E'TechnoSoft'|E'2020-11-29 22:10:41'
830|E'Dreadbit'|E'2020-11-29 22:10:41'
831|E'Hollow Ponds and Richard Hogg'|E'2020-11-29 22:10:41'
832|E'Crazy Viking Studios'|E'2020-11-29 22:10:41'
833|E'Spike Chunsoft, Q-Games'|E'2020-11-29 22:10:41'
834|E'NATSUME ATARI Inc.'|E'2020-11-29 22:10:41'
835|E'Applava'|E'2020-11-29 22:10:41'
836|E'Northplay ApS'|E'2020-11-29 22:10:41'
837|E'RocketPunch Games'|E'2020-11-29 22:10:41'
838|E'Flying Oak Games'|E'2020-11-29 22:10:41'
839|E'Infinite State Games'|E'2020-11-29 22:10:41'
840|E'Abrakam SA'|E'2020-11-29 22:10:41'
841|E'Baltoro Games'|E'2020-11-29 22:10:41'
842|E'Castle Pixel, LLC.'|E'2020-11-29 22:10:41'
843|E'Elden Pixels'|E'2020-11-29 22:10:41'
844|E'Le Cartel Studio'|E'2020-11-29 22:10:41'
845|E'Behold Studios'|E'2020-11-29 22:10:41'
846|E'M2, TechnoSoft'|E'2020-11-29 22:10:41'
847|E'Various, D3T Limited'|E'2020-11-29 22:10:41'
848|E'Intelligent Systems'|E'2020-11-29 22:10:41'
849|E'Turnfollow'|E'2020-11-29 22:10:41'
850|E'Marco Mastropaolo'|E'2020-11-29 22:10:41'
851|E'Impact Gameworks'|E'2020-11-29 22:10:41'
852|E'Blue Wizard Digital'|E'2020-11-29 22:10:41'
853|E'Art in Heart'|E'2020-11-29 22:10:41'
854|E'Good-Feel'|E'2020-11-29 22:10:41'
855|E'Ratalaika Games, Redact Games'|E'2020-11-29 22:10:41'
856|E'Tencent, Tencent Games'|E'2020-11-29 22:10:41'
857|E'13AM Games'|E'2020-11-29 22:10:41'
858|E'Rocketcat Games'|E'2020-11-29 22:10:41'
859|E'Aurelien Regard'|E'2020-11-29 22:10:41'
860|E'NG:DEV.TEAM'|E'2020-11-29 22:10:41'
861|E'Secret Base'|E'2020-11-29 22:10:41'
862|E'Cyan Worlds'|E'2020-11-29 22:10:41'
863|E'Bulkypix, Forge Reply'|E'2020-11-29 22:10:41'
864|E'Loveshack Entertainment'|E'2020-11-29 22:10:41'
865|E'melessthanthree'|E'2020-11-29 22:10:41'
866|E'Kwalee Ltd'|E'2020-11-29 22:10:41'
867|E'Ink Kit'|E'2020-11-29 22:10:41'
868|E'LookAtMyGame'|E'2020-11-29 22:10:41'
869|E'Omega Force, Koei Tecmo Games'|E'2020-11-29 22:10:41'
870|E'Interactive Productline IP AB'|E'2020-11-29 22:10:41'
871|E'Midipixel'|E'2020-11-29 22:10:41'
872|E'Codemasters, Feral Interactive'|E'2020-11-29 22:10:41'
873|E'Yak & Co'|E'2020-11-29 22:10:41'
874|E'Polygon Treehouse'|E'2020-11-29 22:10:41'
875|E'Seed Interactive'|E'2020-11-29 22:10:41'
876|E'Horberg Productions'|E'2020-11-29 22:10:41'
877|E'Discord Games'|E'2020-11-29 22:10:41'
878|E'Arc System Works, TOYBOX'|E'2020-11-29 22:10:41'
879|E'SideBar Games'|E'2020-11-29 22:10:41'
880|E'Compile'|E'2020-11-29 22:10:41'
881|E'NekoNyan Ltd., Sprite'|E'2020-11-29 22:10:41'
882|E'Dan Smith Studios'|E'2020-11-29 22:10:41'
883|E'Serenity Forge'|E'2020-11-29 22:10:41'
884|E'Benedict Fritz, aeiowu, Team TumbleSeed'|E'2020-11-29 22:10:41'
885|E'Afterburn'|E'2020-11-29 22:10:41'
886|E'Jump Over The Age'|E'2020-11-29 22:10:41'
887|E'HopFrog'|E'2020-11-29 22:10:41'
888|E'Panic Barn Ltd'|E'2020-11-29 22:10:41'
889|E'Fishing Cactus'|E'2020-11-29 22:10:41'
890|E'Tin Man Games'|E'2020-11-29 22:10:41'
891|E'Snowhound Games'|E'2020-11-29 22:10:41'
892|E'Rainy Frog'|E'2020-11-29 22:10:41'
893|E'DeadToast Entertainment'|E'2020-11-29 22:10:41'
894|E'Infinity Plus 2'|E'2020-11-29 22:10:41'
895|E'Application Systems Heidelberg'|E'2020-11-29 22:10:41'
896|E'Gearbox Software, SONKA'|E'2020-11-29 22:10:41'
897|E'Blue Manchu'|E'2020-11-29 22:10:41'
898|E'DMM GAMES, Onion Games'|E'2020-11-29 22:10:41'
899|E'Nintendo, Paladin Studios'|E'2020-11-29 22:10:41'
900|E'Lightwood Games'|E'2020-11-29 22:10:41'
901|E'KCEJ'|E'2020-11-29 22:10:41'
902|E'Aspect'|E'2020-11-29 22:10:41'
903|E'Clover Studio'|E'2020-11-29 22:10:41'
904|E'Namco'|E'2020-11-29 22:10:41'
905|E'SquareSoft'|E'2020-11-29 22:10:41'
906|E'Free Radical Design'|E'2020-11-29 22:10:41'
907|E'Atlus Co.'|E'2020-11-29 22:10:41'
908|E'Black Box'|E'2020-11-29 22:10:41'
909|E'NuFX'|E'2020-11-29 22:10:41'
910|E'Zipper Interactive'|E'2020-11-29 22:10:41'
911|E'Snowblind Studios'|E'2020-11-29 22:10:41'
912|E'Blue Shift'|E'2020-11-29 22:10:41'
913|E'Rockstar Vancouver'|E'2020-11-29 22:10:41'
914|E'Aki Corp.'|E'2020-11-29 22:10:41'
915|E'3DO'|E'2020-11-29 22:10:41'
916|E'Vanilla Ware'|E'2020-11-29 22:10:41'
917|E'Team Fusion'|E'2020-11-29 22:10:41'
918|E'Koei/Inis'|E'2020-11-29 22:10:41'
919|E'Bullfrog Productions'|E'2020-11-29 22:10:41'
920|E'Rainbow Studios'|E'2020-11-29 22:10:41'
921|E'Stormfront Studios'|E'2020-11-29 22:10:41'
922|E'Pandemic Studios'|E'2020-11-29 22:10:41'
923|E'Midway'|E'2020-11-29 22:10:41'
924|E'Career Soft'|E'2020-11-29 22:10:41'
925|E'Monster Games Inc.'|E'2020-11-29 22:10:41'
926|E'Atomic Planet Entertainment'|E'2020-11-29 22:10:41'
927|E'RED Entertainment'|E'2020-11-29 22:10:41'
928|E'Acclaim'|E'2020-11-29 22:10:41'
929|E'Acclaim Studios Austin'|E'2020-11-29 22:10:41'
930|E'Page 44 Studios'|E'2020-11-29 22:10:41'
931|E'Totally Games'|E'2020-11-29 22:10:41'
932|E'Tecmo'|E'2020-11-29 22:10:41'
933|E'989 Sports'|E'2020-11-29 22:10:41'
934|E'Z-Axis, Ltd.'|E'2020-11-29 22:10:41'
935|E'Black Ops Entertainment'|E'2020-11-29 22:10:41'
936|E'SCEE, Zoe Mode'|E'2020-11-29 22:10:41'
937|E'Takara'|E'2020-11-29 22:10:41'
938|E'Acclaim Studios Cheltenham'|E'2020-11-29 22:10:41'
939|E'Ratbag'|E'2020-11-29 22:10:41'
940|E'Tri-Ace'|E'2020-11-29 22:10:41'
941|E'Irem'|E'2020-11-29 22:10:41'
942|E'Ubisoft Romania'|E'2020-11-29 22:10:41'
943|E'Next Level Games'|E'2020-11-29 22:10:41'
944|E'Koei'|E'2020-11-29 22:10:41'
945|E'Zed Two Limited'|E'2020-11-29 22:10:41'
946|E'Mix Max'|E'2020-11-29 22:10:41'
947|E'Sandlot'|E'2020-11-29 22:10:41'
948|E'CAProduction'|E'2020-11-29 22:10:41'
949|E'K2 LLC'|E'2020-11-29 22:10:41'
950|E'Angel Studios'|E'2020-11-29 22:10:41'
951|E'T&E Soft'|E'2020-11-29 22:10:41'
952|E'UGA'|E'2020-11-29 22:10:41'
953|E'Computer Artworks'|E'2020-11-29 22:10:41'
954|E'Eurocom Entertainment Software'|E'2020-11-29 22:10:41'
955|E'Idol Minds'|E'2020-11-29 22:10:41'
956|E'Media Vision, Contrail'|E'2020-11-29 22:10:41'
957|E'NEC Interchannel'|E'2020-11-29 22:10:41'
958|E'Blitz Games'|E'2020-11-29 22:10:41'
959|E'Surreal Software'|E'2020-11-29 22:10:41'
960|E'Rockstar Leeds'|E'2020-11-29 22:10:41'
961|E'Climax Group'|E'2020-11-29 22:10:41'
962|E'SCEE'|E'2020-11-29 22:10:41'
963|E'S-Neo'|E'2020-11-29 22:10:41'
964|E'Amusement Vision'|E'2020-11-29 22:10:41'
965|E'Jester Interactive'|E'2020-11-29 22:10:41'
966|E'Midway Studios - Los Angeles'|E'2020-11-29 22:10:41'
967|E'Left Field Productions'|E'2020-11-29 22:10:41'
968|E'Examu'|E'2020-11-29 22:10:41'
969|E'Luxoflux, Inc.'|E'2020-11-29 22:10:41'
970|E'Point of View'|E'2020-11-29 22:10:41'
971|E'Game Arts'|E'2020-11-29 22:10:41'
972|E'Dimps Corporation'|E'2020-11-29 22:10:41'
973|E'Awesome Developments'|E'2020-11-29 22:10:41'
974|E'Pacific Coast Power & Light'|E'2020-11-29 22:10:41'
975|E'Konami Computer Entertainment Hawaii'|E'2020-11-29 22:10:41'
976|E'Victor Interactive Software'|E'2020-11-29 22:10:41'
977|E'Spark Unlimited'|E'2020-11-29 22:10:41'
978|E'Nautilus'|E'2020-11-29 22:10:41'
979|E'Genki'|E'2020-11-29 22:10:41'
980|E'IR Gurus'|E'2020-11-29 22:10:41'
981|E'Artificial Mind and Movement'|E'2020-11-29 22:10:41'
982|E'Atari'|E'2020-11-29 22:10:41'
983|E'Midway Studios - Austin'|E'2020-11-29 22:10:41'
984|E'Pixel Arts'|E'2020-11-29 22:10:41'
985|E'Contraband Entertainment'|E'2020-11-29 22:10:41'
986|E'New'|E'2020-11-29 22:10:41'
987|E'Rockstar Toronto'|E'2020-11-29 22:10:41'
988|E'Hitmaker'|E'2020-11-29 22:10:41'
989|E'Paradigm Entertainment'|E'2020-11-29 22:10:41'
990|E'Shaba Games'|E'2020-11-29 22:10:41'
991|E'Bungie Software'|E'2020-11-29 22:10:41'
992|E'Smilebit'|E'2020-11-29 22:10:41'
993|E'Pam Development'|E'2020-11-29 22:10:41'
994|E'Oddworld Inhabitants'|E'2020-11-29 22:10:41'
995|E'Blueshift'|E'2020-11-29 22:10:41'
996|E'Big Blue Box'|E'2020-11-29 22:10:41'
997|E'SNK'|E'2020-11-29 22:10:41'
998|E'Secret Level'|E'2020-11-29 22:10:41'
999|E'Wideload Games Inc.'|E'2020-11-29 22:10:41'
1000|E'Argonaut Games'|E'2020-11-29 22:10:41'
1001|E'Aqua Pacific, In2Games'|E'2020-11-29 22:10:41'
1002|E'WXP'|E'2020-11-29 22:10:41'
1003|E'Red Storm Entertainment, Ubisoft Montreal'|E'2020-11-29 22:10:41'
1004|E'Heavy Iron Studios'|E'2020-11-29 22:10:41'
1005|E'DreamFactory'|E'2020-11-29 22:10:41'
1006|E'SystemSoft'|E'2020-11-29 22:10:41'
1007|E'Bunkasha Publishing'|E'2020-11-29 22:10:41'
1008|E'Empire Oxford'|E'2020-11-29 22:10:41'
1009|E'Hypnotix'|E'2020-11-29 22:10:41'
1010|E'Andamiro U.S.A. Corp.'|E'2020-11-29 22:10:41'
1011|E'Vicious Cycle'|E'2020-11-29 22:10:41'
1012|E'Double Helix Games'|E'2020-11-29 22:10:41'
1013|E'Beep Industries'|E'2020-11-29 22:10:41'
1014|E'Edge of Reality'|E'2020-11-29 22:10:41'
1015|E'High Voltage Software'|E'2020-11-29 22:10:41'
1016|E'Microids'|E'2020-11-29 22:10:41'
1017|E'Wow Entertainment'|E'2020-11-29 22:10:41'
1018|E'Simon & Schuster'|E'2020-11-29 22:10:41'
1019|E'Nerve Software'|E'2020-11-29 22:10:41'
1020|E'Microsoft Game Studios Japan'|E'2020-11-29 22:10:41'
1021|E'Phantagram'|E'2020-11-29 22:10:41'
1022|E'Indie Built'|E'2020-11-29 22:10:41'
1023|E'Respondesign'|E'2020-11-29 22:10:41'
1024|E'Headfirst Productions'|E'2020-11-29 22:10:41'
1025|E'Revolution Software'|E'2020-11-29 22:10:41'
1026|E'Digital Anvil'|E'2020-11-29 22:10:41'
1027|E'id Software, Nerve Software'|E'2020-11-29 22:10:41'
1028|E'Lost Toys'|E'2020-11-29 22:10:41'
1029|E'awppy, Neon Deity Games'|E'2020-11-29 22:10:41'
1030|E'Swing Swing Submarine'|E'2020-11-29 22:10:41'
1031|E'nifflas, Nifflas Games'|E'2020-11-29 22:10:41'
1032|E'BEAUTIFUN GAMES SL, BeautiFun Games'|E'2020-11-29 22:10:41'
1033|E'Young Horses, Inc'|E'2020-11-29 22:10:41'
1034|E'Ansimuz Games'|E'2020-11-29 22:10:41'
1035|E'Blue Byte'|E'2020-11-29 22:10:41'
1036|E'Frima Studio'|E'2020-11-29 22:10:41'
1037|E'PhobosLab'|E'2020-11-29 22:10:41'
1038|E'Nintendo, Intelligent Systems'|E'2020-11-29 22:10:41'
1039|E'Redgrim AB'|E'2020-11-29 22:10:41'
1040|E'Pwnee Studios'|E'2020-11-29 22:10:41'
1041|E'Mobot Studios LLC'|E'2020-11-29 22:10:41'
1042|E'The Digital Lounge'|E'2020-11-29 22:10:41'
1043|E'5TH Cell'|E'2020-11-29 22:10:41'
1044|E'Retroid Interactive'|E'2020-11-29 22:10:41'
1045|E'Over The Moon'|E'2020-11-29 22:10:41'
1046|E'EnjoyUp Games'|E'2020-11-29 22:10:41'
1047|E'indieszero'|E'2020-11-29 22:10:41'
1048|E'Nintendo, Nintendo Software Technology'|E'2020-11-29 22:10:41'
1049|E'Nyamyam'|E'2020-11-29 22:10:41'
1050|E'Delirium Studios'|E'2020-11-29 22:10:41'
1051|E'Human Head Studios'|E'2020-11-29 22:10:41'
1052|E'The Game Bakers'|E'2020-11-29 22:10:41'
1053|E'Neon Studios, Kaiko'|E'2020-11-29 22:10:41'
1054|E'Eden Industries'|E'2020-11-29 22:10:41'
1055|E'Breakfall'|E'2020-11-29 22:10:41'
1056|E'Ganbarion'|E'2020-11-29 22:10:41'
1057|E'Rainy Night Creations'|E'2020-11-29 22:10:41'
1058|E'Neko Entertainment, Bulkypix'|E'2020-11-29 22:10:41'
1059|E'Nintendo, Sega Sports R&D'|E'2020-11-29 22:10:41'
1060|E'Nd Cube'|E'2020-11-29 22:10:41'
1061|E'Broken Rules'|E'2020-11-29 22:10:41'
1062|E'Henchmen Studio'|E'2020-11-29 22:10:41'
1063|E'Watermelon Development'|E'2020-11-29 22:10:41'
1064|E'klutzGames'|E'2020-11-29 22:10:41'
1065|E'EXE Create'|E'2020-11-29 22:10:41'
1066|E'Neko Entertainment'|E'2020-11-29 22:10:41'
1067|E'Wales Interactive Ltd.'|E'2020-11-29 22:10:41'
1068|E'Ufo Crash Games'|E'2020-11-29 22:10:41'
1069|E'Namco Bandai Games, Monkey Bar Games'|E'2020-11-29 22:10:41'
1070|E'Abstraction Games, Night Light Interactive'|E'2020-11-29 22:10:41'
1071|E'Nintendo, Camelot Software Planning'|E'2020-11-29 22:10:41'
1072|E'MagneticRealms'|E'2020-11-29 22:10:41'
1073|E'Brainseed Factory'|E'2020-11-29 22:10:41'
1074|E'Sarepta studio'|E'2020-11-29 22:10:41'
1075|E'Heavy Iron Studios, Junction Point'|E'2020-11-29 22:10:41'
1076|E'Large Animal Games'|E'2020-11-29 22:10:41'
1077|E'Kemco'|E'2020-11-29 22:10:41'
1078|E'Seaven Studio'|E'2020-11-29 22:10:41'
1079|E'Dahku Creations, Dahku'|E'2020-11-29 22:10:41'
1080|E'Now Production'|E'2020-11-29 22:10:41'
1081|E'Eclipse Games'|E'2020-11-29 22:10:41'
1082|E'EKO Software'|E'2020-11-29 22:10:41'
1083|E'Cypronia'|E'2020-11-29 22:10:41'
1084|E'Moving Player'|E'2020-11-29 22:10:41'
1085|E'RCMADIAX'|E'2020-11-29 22:10:41'
1086|E'Dolores Entertainment SL, Dolores Entertainment'|E'2020-11-29 22:10:41'
1087|E'Hoplite Research'|E'2020-11-29 22:10:41'
1088|E'Behaviour Interactive'|E'2020-11-29 22:10:41'
1089|E'Ubisoft Quebec'|E'2020-11-29 22:10:41'
1090|E'Ambrella'|E'2020-11-29 22:10:41'
1091|E'OXiAB Game Studio'|E'2020-11-29 22:10:41'
1092|E'Torus Games'|E'2020-11-29 22:10:41'
1093|E'Saturnine Games'|E'2020-11-29 22:10:41'
1094|E'Prope, Kadokawa'|E'2020-11-29 22:10:41'
1095|E'Valhalla Game Studios'|E'2020-11-29 22:10:41'
1096|E'ToeJam & Earl Productions'|E'2020-11-29 22:10:41'
1097|E'Kuju Entertainment'|E'2020-11-29 22:10:41'
1098|E'Deadline Games'|E'2020-11-29 22:10:41'
1099|E'Pivotal Games'|E'2020-11-29 22:10:41'
1100|E'Darkworks'|E'2020-11-29 22:10:41'
1101|E'Pitbull Syndicate'|E'2020-11-29 22:10:41'
1102|E'Artoon'|E'2020-11-29 22:10:41'
1103|E'Jaleco Entertainment'|E'2020-11-29 22:10:41'
1104|E'Playlogic'|E'2020-11-29 22:10:41'
1105|E'Yager'|E'2020-11-29 22:10:41'
1106|E'Reflections Interactive'|E'2020-11-29 22:10:41'
1107|E'BrezzaSoft'|E'2020-11-29 22:10:41'
1108|E'Krome Studios'|E'2020-11-29 22:10:41'
1109|E'Iridon Interactive AB'|E'2020-11-29 22:10:41'
1110|E'Juice Games'|E'2020-11-29 22:10:41'
1111|E'Nintendo, HexaDrive'|E'2020-11-29 22:10:41'
1112|E'Straight Right'|E'2020-11-29 22:10:41'
1113|E'Tantalus, Tantatus, Nintendo'|E'2020-11-29 22:10:41'
1114|E'Rocksteady Studios, WB Games Montreal'|E'2020-11-29 22:10:41'
1115|E'Renegade Kid'|E'2020-11-29 22:10:41'
1116|E'Headstrong Games'|E'2020-11-29 22:10:41'
1117|E'KnapNok Games'|E'2020-11-29 22:10:41'
1118|E'Tom Hegarty'|E'2020-11-29 22:10:41'
1119|E'Team Replay'|E'2020-11-29 22:10:41'
1120|E'Frogmind'|E'2020-11-29 22:10:41'
1121|E'Tomorrow Corporation'|E'2020-11-29 22:10:41'
1122|E'Ludosity Interactive'|E'2020-11-29 22:10:41'
1123|E'Dakko Dakko'|E'2020-11-29 22:10:41'
1124|E'Golden Ruby Games'|E'2020-11-29 22:10:41'
1125|E'Konjak, MP2 Games'|E'2020-11-29 22:10:41'
1126|E'FreakZone'|E'2020-11-29 22:10:41'
1127|E'TOO DX'|E'2020-11-29 22:10:41'
1128|E'TicToc Games'|E'2020-11-29 22:10:41'
1129|E'Michael Todd Games'|E'2020-11-29 22:10:41'
1130|E'Little Orbit'|E'2020-11-29 22:10:41'
1131|E'4 Corner Games'|E'2020-11-29 22:10:41'
1132|E'Ubiquitous Entertainment Inc.'|E'2020-11-29 22:10:41'
1133|E'Leuvsion'|E'2020-11-29 22:10:41'
1134|E'Actos Games'|E'2020-11-29 22:10:41'
1135|E'Big Red Button Entertainment'|E'2020-11-29 22:10:41'
1136|E'TreeFallStudios, TreeFall Studios'|E'2020-11-29 22:10:41'
1137|E'Carbon Fire Studio'|E'2020-11-29 22:10:41'
1138|E'Phosphor Games Studio, LLC'|E'2020-11-29 22:10:41'
1139|E'2020 Venture'|E'2020-11-29 22:10:41'
1140|E'nuGAME'|E'2020-11-29 22:10:41'
1141|E'Art Co., Ltd.'|E'2020-11-29 22:10:41'
1142|E'Bionic Games'|E'2020-11-29 22:10:41'
1143|E'PeakVox'|E'2020-11-29 22:10:41'
1144|E'MileStone Inc.'|E'2020-11-29 22:10:41'
1145|E'Hudson Entertainment'|E'2020-11-29 22:10:41'
1146|E'Icon Games'|E'2020-11-29 22:10:41'
1147|E'Marvelous Entertainment'|E'2020-11-29 22:10:41'
1148|E'Camelot Software Planning'|E'2020-11-29 22:10:41'
1149|E'Eighting, Genius Sonority Inc.'|E'2020-11-29 22:10:41'
1150|E'Terminal Reality, 4mm Games'|E'2020-11-29 22:10:41'
1151|E'Papaya Studios, Papaya Studio'|E'2020-11-29 22:10:41'
1152|E'ArtePiazza'|E'2020-11-29 22:10:41'
1153|E'XGenStudios'|E'2020-11-29 22:10:41'
1154|E'Media Vision'|E'2020-11-29 22:10:41'
1155|E'Griptonite Games'|E'2020-11-29 22:10:41'
1156|E'Eutechnyx'|E'2020-11-29 22:10:41'
1157|E'Akaoni Studio'|E'2020-11-29 22:10:41'
1158|E'Longtail Studios'|E'2020-11-29 22:10:41'
1159|E'Blue Tongue Entertainment'|E'2020-11-29 22:10:41'
1160|E'Destineer'|E'2020-11-29 22:10:41'
1161|E'Hudson Soft'|E'2020-11-29 22:10:41'
1162|E'10tacle Studios, Fusionsphere Systems'|E'2020-11-29 22:10:41'
1163|E'Onteca'|E'2020-11-29 22:10:41'
1164|E'Tamsoft'|E'2020-11-29 22:10:41'
1165|E'Etranges Libellules'|E'2020-11-29 22:10:41'
1166|E'Nnooo'|E'2020-11-29 22:10:41'
1167|E'different cloth'|E'2020-11-29 22:10:41'
1168|E'Electronic Arts, Rebellion'|E'2020-11-29 22:10:41'
1169|E'Machatin, Inc.'|E'2020-11-29 22:10:41'
1170|E'Firebrand Games'|E'2020-11-29 22:10:41'
1171|E'Ubisoft Vancouver'|E'2020-11-29 22:10:41'
1172|E'Image Epoch, Imageepoch'|E'2020-11-29 22:10:41'
1173|E'Treyarch, Shaba Games'|E'2020-11-29 22:10:41'
1174|E'EA Bright Light'|E'2020-11-29 22:10:41'
1175|E'Prope'|E'2020-11-29 22:10:41'
1176|E'THQ'|E'2020-11-29 22:10:41'
1177|E'Deep Silver'|E'2020-11-29 22:10:41'
1178|E'Firemint Pty Ltd'|E'2020-11-29 22:10:41'
1179|E'Buena Vista Games'|E'2020-11-29 22:10:41'
1180|E'Creatures Inc.'|E'2020-11-29 22:10:41'
1181|E'Cooking Mama Limited'|E'2020-11-29 22:10:41'
1182|E'NBGI'|E'2020-11-29 22:10:41'
1183|E'Heavy Iron Studios, Asobo Studio'|E'2020-11-29 22:10:41'
1184|E'TOSE'|E'2020-11-29 22:10:41'
1185|E'Alphadream Corporation'|E'2020-11-29 22:10:41'
1186|E'Jupiter Corporation'|E'2020-11-29 22:10:41'
1187|E'iNiS'|E'2020-11-29 22:10:41'
1188|E'GREZZO'|E'2020-11-29 22:10:41'
1189|E'Matrix Software'|E'2020-11-29 22:10:41'
1190|E'Other Ocean Interactive'|E'2020-11-29 22:10:41'
1191|E'Agenda'|E'2020-11-29 22:10:41'
1192|E'Square Enix, TOSE'|E'2020-11-29 22:10:41'
1193|E'AQ Interactive'|E'2020-11-29 22:10:41'
1194|E'Keen Games'|E'2020-11-29 22:10:41'
1195|E'Dimps Corporation, Sonic Team'|E'2020-11-29 22:10:41'
1196|E'ChunSoft'|E'2020-11-29 22:10:41'
1197|E'ITL'|E'2020-11-29 22:10:41'
1198|E'Square Enix, Think and Feel'|E'2020-11-29 22:10:41'
1199|E'Nintendo EAD Tokyo'|E'2020-11-29 22:10:41'
1200|E'odenis studio'|E'2020-11-29 22:10:41'
1201|E'Asterizm Co., Ltd'|E'2020-11-29 22:10:41'
1202|E'Cing'|E'2020-11-29 22:10:41'
1203|E'Knowledge Adventure Inc.'|E'2020-11-29 22:10:41'
1204|E'Mindware'|E'2020-11-29 22:10:41'
1205|E'Eighting'|E'2020-11-29 22:10:41'
1206|E'Eurocom Entertainment Software, Eurocom'|E'2020-11-29 22:10:41'
1207|E'Ghostfire Games'|E'2020-11-29 22:10:41'
1208|E'Bizarre Creations, Kuju Entertainment'|E'2020-11-29 22:10:41'
1209|E'fyto'|E'2020-11-29 22:10:41'
1210|E'Vicarious Visions, Neversoft Entertainment'|E'2020-11-29 22:10:41'
1211|E'Paon Corporation'|E'2020-11-29 22:10:41'
1212|E'Arika'|E'2020-11-29 22:10:41'
1213|E'Yuke's, Yuke's Company of America'|E'2020-11-29 22:10:41'
1214|E'Natsume, Marvelous Entertainment'|E'2020-11-29 22:10:41'
1215|E'h.a.n.d. Inc.'|E'2020-11-29 22:10:41'
1216|E'Skip Ltd.'|E'2020-11-29 22:10:41'
1217|E'SuperVillain Studios'|E'2020-11-29 22:10:41'
1218|E'High Impact Games'|E'2020-11-29 22:10:41'
1219|E'Zoonami Ltd.'|E'2020-11-29 22:10:41'
1220|E'Cavia Inc.'|E'2020-11-29 22:10:41'
1221|E'Empty Clip Studios'|E'2020-11-29 22:10:41'
1222|E'Activision, Eurocom'|E'2020-11-29 22:10:41'
1223|E'8ing/Raizing'|E'2020-11-29 22:10:41'
1224|E'Access Games'|E'2020-11-29 22:10:41'
1225|E'Shanblue Interactive'|E'2020-11-29 22:10:41'
1226|E'EA Montreal'|E'2020-11-29 22:10:41'
1227|E'Nocturnal Entertainment'|E'2020-11-29 22:10:41'
1228|E'Ubisoft Paris, Ubisoft Montpellier'|E'2020-11-29 22:10:41'
1229|E'Keys Factory'|E'2020-11-29 22:10:41'
1230|E'Junction Point'|E'2020-11-29 22:10:41'
1231|E'Sting'|E'2020-11-29 22:10:41'
1232|E'Tons of Bits'|E'2020-11-29 22:10:41'
1233|E'Spike'|E'2020-11-29 22:10:41'
1234|E'Spike, Namco Bandai Games'|E'2020-11-29 22:10:41'
1235|E'Tetris Online, Inc'|E'2020-11-29 22:10:41'
1236|E'Sega, Sega Sports R&D'|E'2020-11-29 22:10:41'
1237|E'Deep Fried Entertainment'|E'2020-11-29 22:10:41'
1238|E'Red Fly Studio'|E'2020-11-29 22:10:41'
1239|E'Tecmo, Ntreev Soft'|E'2020-11-29 22:10:41'
1240|E'Vitei'|E'2020-11-29 22:10:41'
1241|E'Yullaby'|E'2020-11-29 22:10:41'
1242|E'Loose Cannon Studios'|E'2020-11-29 22:10:41'
1243|E'LucasArts, Red Fly Studio'|E'2020-11-29 22:10:41'
1244|E'Mitchell'|E'2020-11-29 22:10:41'
1245|E'Crystal Dynamics, Buzz Monkey Software'|E'2020-11-29 22:10:41'
1246|E'TT Fusion'|E'2020-11-29 22:10:41'
1247|E'Team17, Two Tribes'|E'2020-11-29 22:10:41'
1248|E'Venan Entertainment, Cashmere Prod.'|E'2020-11-29 22:10:41'
1249|E'Altron'|E'2020-11-29 22:10:41'
1250|E'Vanguard'|E'2020-11-29 22:10:41'
1251|E'DreamRift'|E'2020-11-29 22:10:41'
1252|E'Fuse Games Limited'|E'2020-11-29 22:10:41'
1253|E'Arkedo Studio'|E'2020-11-29 22:10:41'
1254|E'Vogster'|E'2020-11-29 22:10:41'
1255|E'Mekensleep'|E'2020-11-29 22:10:41'
1256|E'Sunflowers Interactive'|E'2020-11-29 22:10:41'
1257|E'Mad Monkey Studio'|E'2020-11-29 22:10:41'
1258|E'Inti, Inti Creates'|E'2020-11-29 22:10:41'
1259|E'Game Republic'|E'2020-11-29 22:10:41'
1260|E'City Interactive'|E'2020-11-29 22:10:41'
1261|E'Magellan Interactive'|E'2020-11-29 22:10:41'
1262|E'Alien After All'|E'2020-11-29 22:10:41'
1263|E'Most Wanted Entertainment'|E'2020-11-29 22:10:41'
1264|E'NoWay Studio'|E'2020-11-29 22:10:41'
1265|E'Gearbox Software, WayForward'|E'2020-11-29 22:10:41'
1266|E'Snap Dragon Games'|E'2020-11-29 22:10:41'
1267|E'Acquire'|E'2020-11-29 22:10:41'
1268|E'Arcade Moon'|E'2020-11-29 22:10:41'
1269|E'Xpec'|E'2020-11-29 22:10:41'
1270|E'Disney Interactive Studios'|E'2020-11-29 22:10:41'
1271|E'Virtual Toys'|E'2020-11-29 22:10:41'
1272|E'Artificial Mind and Movement, Polygon Magic'|E'2020-11-29 22:10:41'
1273|E'Marvelous AQL'|E'2020-11-29 22:10:41'
1274|E'Alfa System'|E'2020-11-29 22:10:41'
1275|E'Her Interactive'|E'2020-11-29 22:10:41'
1276|E'Epicenter Studios'|E'2020-11-29 22:10:41'
1277|E'Crave'|E'2020-11-29 22:10:41'
1278|E'Sega, Nintendo, Sega Sports R&D'|E'2020-11-29 22:10:41'
1279|E'Deep Silver, Sproing Interactive Media, Sproing'|E'2020-11-29 22:10:41'
1280|E'Electronic Arts, Behaviour Interactive'|E'2020-11-29 22:10:41'
1281|E'SpiderMonk'|E'2020-11-29 22:10:41'
1282|E'Racjin, Sega Sports R&D'|E'2020-11-29 22:10:41'
1283|E'Vivendi Games, Eurocom'|E'2020-11-29 22:10:41'
1284|E'EA Redwood Shores, EA Salt Lake'|E'2020-11-29 22:10:41'
1285|E'Brash Entertainment'|E'2020-11-29 22:10:41'
1286|E'Midway Studios - San Diego'|E'2020-11-29 22:10:41'
1287|E'PlatinumGames, NUDE MAKER,Y.K.'|E'2020-11-29 22:10:41'
1288|E'Lancarse, Atlus'|E'2020-11-29 22:10:41'
1289|E'Happy Happening'|E'2020-11-29 22:10:41'
1290|E'Exient Entertainment'|E'2020-11-29 22:10:41'
1291|E'Lexis Numerique'|E'2020-11-29 22:10:41'
1292|E'Zener Works'|E'2020-11-29 22:10:41'
1293|E'Buddiez, Inc.'|E'2020-11-29 22:10:41'
1294|E'Kiloo'|E'2020-11-29 22:10:41'
1295|E'Success'|E'2020-11-29 22:10:41'
1296|E'Sabarasa Entertainment'|E'2020-11-29 22:10:41'
1297|E'Noise Inc.'|E'2020-11-29 22:10:41'
1298|E'Ubisoft, Sensory Sweep'|E'2020-11-29 22:10:42'
1299|E'BiP Media'|E'2020-11-29 22:10:42'
1300|E'Game Sauce'|E'2020-11-29 22:10:42'
1301|E'Namco Bandai Games America, Namco Bandai Games'|E'2020-11-29 22:10:42'
1302|E'Flight-Plan'|E'2020-11-29 22:10:42'
1303|E'syn Sophia'|E'2020-11-29 22:10:42'
1304|E'n-Space'|E'2020-11-29 22:10:42'
1305|E'Natsume'|E'2020-11-29 22:10:42'
1306|E'EA Japan Studio'|E'2020-11-29 22:10:42'
1307|E'Suzak'|E'2020-11-29 22:10:42'
1308|E'Suzak, Nikoli'|E'2020-11-29 22:10:42'
1309|E'Rising Star Games'|E'2020-11-29 22:10:42'
1310|E'WorkJam'|E'2020-11-29 22:10:42'
1311|E'Tanukii Studios'|E'2020-11-29 22:10:42'
1312|E'Arc System Works, EnjoyUp Games'|E'2020-11-29 22:10:42'
1313|E'Amaze Entertainment'|E'2020-11-29 22:10:42'
1314|E'Flagship, HAL Labs'|E'2020-11-29 22:10:42'
1315|E'MumboJumbo'|E'2020-11-29 22:10:42'
1316|E'Noise Factory'|E'2020-11-29 22:10:42'
1317|E'Tag Games'|E'2020-11-29 22:10:42'
1318|E'Matrix Software, Marvelous Entertainment'|E'2020-11-29 22:10:42'
1319|E'Bec'|E'2020-11-29 22:10:42'
1320|E'Jupiter Corporation, Jupiter Multimedia'|E'2020-11-29 22:10:42'
1321|E'Orbital Media, Inc.'|E'2020-11-29 22:10:42'
1322|E'Office Create'|E'2020-11-29 22:10:42'
1323|E'Mastertronic, V5 Play Studio'|E'2020-11-29 22:10:42'
1324|E'Ubisoft, Gameloft'|E'2020-11-29 22:10:42'
1325|E'Universomo'|E'2020-11-29 22:10:42'
1326|E'Eighting, Tenyo'|E'2020-11-29 22:10:42'
1327|E'Fall Line Studio'|E'2020-11-29 22:10:42'
1328|E'Brownie Brown'|E'2020-11-29 22:10:42'
1329|E'Konami, Aquria'|E'2020-11-29 22:10:42'
1330|E'Cosmigo'|E'2020-11-29 22:10:42'
1331|E'Gamelion Studios'|E'2020-11-29 22:10:42'
1332|E'Visual Impact'|E'2020-11-29 22:10:42'
1333|E'Nintendo, Spike Chunsoft'|E'2020-11-29 22:10:42'
1334|E'Nintendo, Skip Ltd.'|E'2020-11-29 22:10:42'
1335|E'Climax Entertainment, Rocket Company'|E'2020-11-29 22:10:42'
1336|E'Flyhigh Works, altairworks'|E'2020-11-29 22:10:42'
1337|E'Flyhigh Works, Skipmore'|E'2020-11-29 22:10:42'
1338|E'Wee Man Studios'|E'2020-11-29 22:10:42'
1339|E'Corecell Technology'|E'2020-11-29 22:10:42'
1340|E'Nintendo, Vitei'|E'2020-11-29 22:10:42'
1341|E'Ambrella, The Pokemon Company'|E'2020-11-29 22:10:42'
1342|E'AMZY'|E'2020-11-29 22:10:42'
1343|E'Wobbly Tooth Ltd'|E'2020-11-29 22:10:42'
1344|E'Nintendo, HAL Labs'|E'2020-11-29 22:10:42'
1345|E'RED Entertainment, Spike Chunsoft'|E'2020-11-29 22:10:42'
1346|E'Genius Sonority Inc.'|E'2020-11-29 22:10:42'
1347|E'SUSHI TYPHOON GAMES'|E'2020-11-29 22:10:42'
1348|E'Magic Pockets'|E'2020-11-29 22:10:42'
1349|E'Collavier'|E'2020-11-29 22:10:42'
1350|E'CIRCLE Entertainment, RideonJapan,Inc.'|E'2020-11-29 22:10:42'
1351|E'Mebius, Intergrow'|E'2020-11-29 22:10:42'
1352|E'Dadako Studios'|E'2020-11-29 22:10:42'
1353|E'System 3'|E'2020-11-29 22:10:42'
1354|E'Alpha Unit'|E'2020-11-29 22:10:42'
1355|E'Tecmo Koei Games'|E'2020-11-29 22:10:42'
1356|E'Teyon'|E'2020-11-29 22:10:42'
1357|E'Kemco, EXE Create'|E'2020-11-29 22:10:42'
1358|E'WinkySoft'|E'2020-11-29 22:10:42'
1359|E'Bplus'|E'2020-11-29 22:10:42'
1360|E'Hit-Point Co., Ltd.'|E'2020-11-29 22:10:42'
1361|E'Teyon, Fun Unit Inc'|E'2020-11-29 22:10:42'
1362|E'Zordix'|E'2020-11-29 22:10:42'
1363|E'Abylight'|E'2020-11-29 22:10:42'
1364|E'Fun Unit Inc'|E'2020-11-29 22:10:42'
1365|E'UFO Interactive'|E'2020-11-29 22:10:42'
1366|E'Level 5, NATSUME ATARI Inc.'|E'2020-11-29 22:10:42'
1367|E'Mechanic Arms'|E'2020-11-29 22:10:42'
1368|E'SIMS, Rising Star Games'|E'2020-11-29 22:10:42'
1369|E'CoderChild'|E'2020-11-29 22:10:42'
1370|E'Creative Distribution Ltd'|E'2020-11-29 22:10:42'
1371|E'Collecting Smiles'|E'2020-11-29 22:10:42'
1372|E'Ancient Corp'|E'2020-11-29 22:10:42'
1373|E'Silicon Studio'|E'2020-11-29 22:10:42'
1374|E'Retro Studios, Entertainment Analysis & Development Division'|E'2020-11-29 22:10:42'
1375|E'Nintendo, Alphadream Corporation'|E'2020-11-29 22:10:42'
1376|E'Opus, Project Sora'|E'2020-11-29 22:10:42'
1377|E'Mojo Bones'|E'2020-11-29 22:10:42'
1378|E'Nintendo, Headstrong Games'|E'2020-11-29 22:10:42'
1379|E'Atlus Co., Atlus'|E'2020-11-29 22:10:42'
1380|E'Nintendo, syn Sophia'|E'2020-11-29 22:10:42'
1381|E'Cinemax'|E'2020-11-29 22:10:42'
1382|E'Polarbit'|E'2020-11-29 22:10:42'
1383|E'Sega, Xeen'|E'2020-11-29 22:10:42'
1384|E'Nex Entertainment'|E'2020-11-29 22:10:42'
1385|E'State of Play Games, Flyhigh Works'|E'2020-11-29 22:10:42'
1386|E'Nintendo, Jupiter Corporation'|E'2020-11-29 22:10:42'
1387|E'Idea Factory'|E'2020-11-29 22:10:42'
1388|E'Cattle Call, GREZZO, FuRyu'|E'2020-11-29 22:10:42'
1389|E'Marvelous Inc.'|E'2020-11-29 22:10:42'
1390|E'Namco Bandai Games, Xeen'|E'2020-11-29 22:10:42'
1391|E'Grounding Inc.'|E'2020-11-29 22:10:42'
1392|E'Omiya Soft'|E'2020-11-29 22:10:42'
1393|E'Atooi LLC'|E'2020-11-29 22:10:42'
1394|E'GungHo'|E'2020-11-29 22:10:42'
1395|E'Level 5, Brownie Brown'|E'2020-11-29 22:10:42'
1396|E'Arc System Works, Aplus'|E'2020-11-29 22:10:42'
1397|E'Moragami'|E'2020-11-29 22:10:42'
1398|E'Mobile & Game Studio'|E'2020-11-29 22:10:42'
1399|E'OrangePixel'|E'2020-11-29 22:10:42'
1400|E'EyeCancer'|E'2020-11-29 22:10:42'
1401|E'Lireneosoft'|E'2020-11-29 22:10:42'
1402|E'Petit Depotto'|E'2020-11-29 22:10:42'
1403|E'Endgame Studios'|E'2020-11-29 22:10:42'
1404|E'Catnip Games'|E'2020-11-29 22:10:42'
1405|E'RideonJapan,Inc., Ride On'|E'2020-11-29 22:10:42'
1406|E'Insane Code'|E'2020-11-29 22:10:42'
1407|E'Four Horses'|E'2020-11-29 22:10:42'
1408|E'Monolith Soft, Banpresto'|E'2020-11-29 22:10:42'
1409|E'Vivarium'|E'2020-11-29 22:10:42'
1410|E'Spike Chunsoft Co. Ltd., Spike Chunsoft'|E'2020-11-29 22:10:42'
1411|E'Racjin'|E'2020-11-29 22:10:42'
1412|E'Million, Aplus'|E'2020-11-29 22:10:42'
1413|E'Nintendo, Arzest'|E'2020-11-29 22:10:42'
1414|E'Librage'|E'2020-11-29 22:10:42'
1415|E'Nintendo, Vanpool'|E'2020-11-29 22:10:42'
1416|E'Big John Games, Gamers Digital'|E'2020-11-29 22:10:42'
1417|E'Enjoy Gaming'|E'2020-11-29 22:10:42'
1418|E'QubicGames'|E'2020-11-29 22:10:42'
1419|E'Asobism, Co. ltd.'|E'2020-11-29 22:10:42'
1420|E'Armature Studio'|E'2020-11-29 22:10:42'
1421|E'Ludosity Interactive, Giant Media Group'|E'2020-11-29 22:10:42'
1422|E'Lazy Bear Games'|E'2020-11-29 22:10:42'
1423|E'Vanpool'|E'2020-11-29 22:10:42'
1424|E'Ubisoft, Ubisoft San Francisco'|E'2020-11-29 22:10:42'
1425|E'Melesta'|E'2020-11-29 22:10:42'
1426|E'Giants Software'|E'2020-11-29 22:10:42'
1427|E'Cattle Call, FuRyu'|E'2020-11-29 22:10:42'
1428|E'Studio Saizensen'|E'2020-11-29 22:10:42'
1429|E'SunSoft'|E'2020-11-29 22:10:42'
1430|E'Teyon, Tate Multimedia'|E'2020-11-29 22:10:42'
1431|E'Big John Games'|E'2020-11-29 22:10:42'
1432|E'Springloaded'|E'2020-11-29 22:10:42'
1433|E'Sega, Dimps Corporation'|E'2020-11-29 22:10:42'
1434|E'Intense'|E'2020-11-29 22:10:42'
1435|E'ParityBit'|E'2020-11-29 22:10:42'
1436|E'FuRyu'|E'2020-11-29 22:10:42'
1437|E'SilverStar'|E'2020-11-29 22:10:42'
1438|E'Tom Create'|E'2020-11-29 22:10:42'
1439|E'Artdink'|E'2020-11-29 22:10:42'
1440|E'talestune'|E'2020-11-29 22:10:42'
1441|E'Arzest'|E'2020-11-29 22:10:42'
1442|E'winterworks'|E'2020-11-29 22:10:42'
1443|E'FUN Labs, ZeptoLab'|E'2020-11-29 22:10:42'
1444|E'Goodbye Galaxy Games'|E'2020-11-29 22:10:42'
1445|E'Strangelands Ltd.'|E'2020-11-29 22:10:42'
1446|E'Jupiter Corporation, Kadokawa'|E'2020-11-29 22:10:42'
1447|E'Puppy Games'|E'2020-11-29 22:10:42'
1448|E'Million, Avit-Niigata'|E'2020-11-29 22:10:42'
1449|E'Racjin, Nippon Columbia'|E'2020-11-29 22:10:42'
1450|E'Poisoft'|E'2020-11-29 22:10:42'
1451|E'Notch'|E'2020-11-29 22:10:42'
1452|E'Santa Entertainment'|E'2020-11-29 22:10:42'
1453|E'Spike, Spike Chunsoft'|E'2020-11-29 22:10:42'
1454|E'Ubisoft Casablanca'|E'2020-11-29 22:10:42'
1455|E'G-STYLE'|E'2020-11-29 22:10:42'
1456|E'Arc System Works, Natsume'|E'2020-11-29 22:10:42'
1457|E'Cerasus Media'|E'2020-11-29 22:10:42'
