pubId|name|lastUpdate
1|E'Rockstar Games'|E'2020-11-29 22:10:42'
2|E'Warner Bros. Interactive Entertainment'|E'2020-11-29 22:10:42'
3|E'SCEA'|E'2020-11-29 22:10:42'
4|E'Valve Software'|E'2020-11-29 22:10:42'
5|E'Activision'|E'2020-11-29 22:10:42'
6|E'Konami'|E'2020-11-29 22:10:42'
7|E'2K Games'|E'2020-11-29 22:10:42'
8|E'Electronic Arts'|E'2020-11-29 22:10:42'
9|E'Capcom'|E'2020-11-29 22:10:42'
10|E'Telltale Games'|E'2020-11-29 22:10:42'
11|E'Bethesda Softworks'|E'2020-11-29 22:10:42'
12|E'Number None Inc.'|E'2020-11-29 22:10:42'
13|E'Namco Bandai Games'|E'2020-11-29 22:10:42'
14|E'MTV Games'|E'2020-11-29 22:10:42'
15|E'Ubisoft'|E'2020-11-29 22:10:42'
16|E'PopCap'|E'2020-11-29 22:10:42'
17|E'Eidos Interactive'|E'2020-11-29 22:10:42'
18|E'2K Sports'|E'2020-11-29 22:10:42'
19|E'XSEED Games'|E'2020-11-29 22:10:42'
20|E'PLAYDEAD'|E'2020-11-29 22:10:42'
21|E'Atlus'|E'2020-11-29 22:10:42'
22|E'Square Enix'|E'2020-11-29 22:10:42'
23|E'EA Games'|E'2020-11-29 22:10:42'
24|E'EA Sports'|E'2020-11-29 22:10:42'
25|E'Tecmo'|E'2020-11-29 22:10:42'
26|E'Codemasters'|E'2020-11-29 22:10:42'
27|E'Aksys Games'|E'2020-11-29 22:10:42'
28|E'LucasArts'|E'2020-11-29 22:10:42'
29|E'Capy Games'|E'2020-11-29 22:10:42'
30|E'Namco Bandai Games America'|E'2020-11-29 22:10:42'
31|E'THQ'|E'2020-11-29 22:10:42'
32|E'Eyebrow Interactive'|E'2020-11-29 22:10:42'
33|E'Hudson Entertainment'|E'2020-11-29 22:10:42'
34|E'EA Sports Big'|E'2020-11-29 22:10:42'
35|E'Die Gute Fabrik'|E'2020-11-29 22:10:42'
36|E'1C'|E'2020-11-29 22:10:42'
37|E'DrinkBox Studios'|E'2020-11-29 22:10:42'
38|E'505 Games'|E'2020-11-29 22:10:42'
39|E'Ronimo Games'|E'2020-11-29 22:10:42'
40|E'Cherry Pop Games'|E'2020-11-29 22:10:42'
41|E'Trendy Entertainment'|E'2020-11-29 22:10:42'
42|E'Atari'|E'2020-11-29 22:10:42'
43|E'NIS America'|E'2020-11-29 22:10:42'
44|E'Sega'|E'2020-11-29 22:10:42'
45|E'Devolver Digital'|E'2020-11-29 22:10:42'
46|E'Q Entertainment'|E'2020-11-29 22:10:42'
47|E'Zen Studios'|E'2020-11-29 22:10:42'
48|E'Wizards of the Coast'|E'2020-11-29 22:10:42'
49|E'Tecmo Koei America Corp.'|E'2020-11-29 22:10:42'
50|E'Curve Studios'|E'2020-11-29 22:10:42'
51|E'Disney Interactive Studios'|E'2020-11-29 22:10:42'
52|E'Pelfast'|E'2020-11-29 22:10:42'
53|E'5pb'|E'2020-11-29 22:10:42'
54|E'Digital Reality'|E'2020-11-29 22:10:42'
55|E'Nobilis'|E'2020-11-29 22:10:42'
56|E'Mossmouth'|E'2020-11-29 22:10:42'
57|E'Bandai Namco Games'|E'2020-11-29 22:10:42'
58|E'Autumn Games'|E'2020-11-29 22:10:42'
59|E'Tozai Games'|E'2020-11-29 22:10:42'
60|E'Oddworld Inhabitants'|E'2020-11-29 22:10:42'
61|E'System 3'|E'2020-11-29 22:10:42'
62|E'Midway'|E'2020-11-29 22:10:42'
63|E'EastAsiaSoft'|E'2020-11-29 22:10:42'
64|E'Hello Games'|E'2020-11-29 22:10:42'
65|E'Blizzard Entertainment'|E'2020-11-29 22:10:42'
66|E'Sidhe Interactive'|E'2020-11-29 22:10:42'
67|E'The Behemoth'|E'2020-11-29 22:10:42'
68|E'Doctor Entertainment'|E'2020-11-29 22:10:42'
69|E'Creat Studios'|E'2020-11-29 22:10:42'
70|E'Ripstone'|E'2020-11-29 22:10:42'
71|E'Sony Online Entertainment'|E'2020-11-29 22:10:42'
72|E'Zoo Games'|E'2020-11-29 22:10:42'
73|E'EA Partners'|E'2020-11-29 22:10:42'
74|E'Harmonix Music Systems'|E'2020-11-29 22:10:42'
75|E'Oberon Media'|E'2020-11-29 22:10:42'
76|E'Zoe Mode'|E'2020-11-29 22:10:42'
77|E'24 Carat Games'|E'2020-11-29 22:10:42'
78|E'W!Games'|E'2020-11-29 22:10:42'
79|E'Ignition Entertainment'|E'2020-11-29 22:10:42'
80|E'11 bit studios'|E'2020-11-29 22:10:42'
81|E'Sparpweed'|E'2020-11-29 22:10:42'
82|E'PomPom Games'|E'2020-11-29 22:10:42'
83|E'Amanita Design'|E'2020-11-29 22:10:42'
84|E'Sony Interactive Entertainment'|E'2020-11-29 22:10:42'
85|E'tobyfox'|E'2020-11-29 22:10:42'
86|E'Larian Studios Games'|E'2020-11-29 22:10:42'
87|E'Matt Makes Games Inc.'|E'2020-11-29 22:10:42'
88|E'Yacht Club Games'|E'2020-11-29 22:10:42'
89|E'Polytron Corp.'|E'2020-11-29 22:10:42'
90|E'Enhance Games'|E'2020-11-29 22:10:42'
91|E'JapanStudio'|E'2020-11-29 22:10:42'
92|E'Supergiant Games'|E'2020-11-29 22:10:42'
93|E'SCEE'|E'2020-11-29 22:10:42'
94|E'Nicalis'|E'2020-11-29 22:10:42'
95|E'Focus Home Interactive'|E'2020-11-29 22:10:42'
96|E'Humble Bundle'|E'2020-11-29 22:10:42'
97|E'Soedesco'|E'2020-11-29 22:10:42'
98|E'Steel Crate Games'|E'2020-11-29 22:10:42'
99|E'Cloudhead Games'|E'2020-11-29 22:10:42'
100|E'Koei Tecmo Games'|E'2020-11-29 22:10:42'
101|E'Annapurna Interactive'|E'2020-11-29 22:10:42'
102|E'Thekla, Inc'|E'2020-11-29 22:10:42'
103|E'Motion Twin'|E'2020-11-29 22:10:42'
104|E'Infinite Fall'|E'2020-11-29 22:10:42'
105|E'FDG Entertainment'|E'2020-11-29 22:10:42'
106|E'Take-Two Interactive'|E'2020-11-29 22:10:42'
107|E'FuturLab'|E'2020-11-29 22:10:42'
108|E'Chucklefish'|E'2020-11-29 22:10:42'
109|E'A Crowd of Monsters'|E'2020-11-29 22:10:42'
110|E'Spike Chunsoft'|E'2020-11-29 22:10:42'
111|E'Terrible Toybox'|E'2020-11-29 22:10:42'
112|E'Studio MDHR'|E'2020-11-29 22:10:42'
113|E'1C Entertainment'|E'2020-11-29 22:10:42'
114|E'SegaSoft'|E'2020-11-29 22:10:42'
115|E'Hyperbolic Magnetism'|E'2020-11-29 22:10:42'
116|E'Arc System Works'|E'2020-11-29 22:10:42'
117|E'roll7'|E'2020-11-29 22:10:42'
118|E'PlayStation Studios'|E'2020-11-29 22:10:42'
119|E'Paradox Interactive'|E'2020-11-29 22:10:42'
120|E'Obsidian Entertainment'|E'2020-11-29 22:10:42'
121|E'Brace Yourself Games'|E'2020-11-29 22:10:42'
122|E'Team Cherry'|E'2020-11-29 22:10:42'
123|E'Image & Form'|E'2020-11-29 22:10:42'
124|E'Neowiz'|E'2020-11-29 22:10:42'
125|E'Ysbryd Games'|E'2020-11-29 22:10:42'
126|E'Schell Games'|E'2020-11-29 22:10:42'
127|E'Jackbox Games, Inc.'|E'2020-11-29 22:10:42'
128|E'Witch Beam'|E'2020-11-29 22:10:42'
129|E'Metalhead Software'|E'2020-11-29 22:10:42'
130|E'PQube'|E'2020-11-29 22:10:42'
131|E'Cellar Door Games'|E'2020-11-29 22:10:42'
132|E'Sierra Games'|E'2020-11-29 22:10:42'
133|E'Team Meat'|E'2020-11-29 22:10:42'
134|E'Daedalic Entertainment'|E'2020-11-29 22:10:42'
135|E'The Fullbright Company'|E'2020-11-29 22:10:42'
136|E'Tarsier Studios'|E'2020-11-29 22:10:42'
137|E'Level 5'|E'2020-11-29 22:10:42'
138|E'Vertical Robot'|E'2020-11-29 22:10:42'
139|E'Ska Studios'|E'2020-11-29 22:10:42'
140|E'Double Fine Productions'|E'2020-11-29 22:10:42'
141|E'Tom Happ'|E'2020-11-29 22:10:42'
142|E'drool Games'|E'2020-11-29 22:10:42'
143|E'Namco'|E'2020-11-29 22:10:42'
144|E'Merge Games'|E'2020-11-29 22:10:42'
145|E'Llamasoft'|E'2020-11-29 22:10:42'
146|E'Frozenbyte, Inc.'|E'2020-11-29 22:10:42'
147|E'Okomotive'|E'2020-11-29 22:10:42'
148|E'Red Hook Studios'|E'2020-11-29 22:10:42'
149|E'Villa Gorilla'|E'2020-11-29 22:10:42'
150|E'Final Form Games, LLC'|E'2020-11-29 22:10:42'
151|E'Adult Swim'|E'2020-11-29 22:10:42'
152|E'Deep Silver'|E'2020-11-29 22:10:42'
153|E'Gazillion'|E'2020-11-29 22:10:42'
154|E'SUPERHOT'|E'2020-11-29 22:10:42'
155|E'Coconut Island Games'|E'2020-11-29 22:10:42'
156|E'sebagamesdev'|E'2020-11-29 22:10:42'
157|E'Wargaming.net'|E'2020-11-29 22:10:42'
158|E'Those Awesome Guys'|E'2020-11-29 22:10:42'
159|E'Wide Right Interactive'|E'2020-11-29 22:10:42'
160|E'Bifrost Entertainment'|E'2020-11-29 22:10:42'
161|E'Defiant Development'|E'2020-11-29 22:10:42'
162|E'Vlambeer'|E'2020-11-29 22:10:42'
163|E'THQ Nordic'|E'2020-11-29 22:10:42'
164|E'Alliance Digital Media'|E'2020-11-29 22:10:42'
165|E'Team17'|E'2020-11-29 22:10:42'
166|E'Metanet Software Inc.'|E'2020-11-29 22:10:42'
167|E'SeithCG'|E'2020-11-29 22:10:42'
168|E'Playism'|E'2020-11-29 22:10:42'
169|E'Thunder Lotus Games'|E'2020-11-29 22:10:42'
170|E'Mixed Realms Pte Ltd'|E'2020-11-29 22:10:42'
171|E'Coffee Stain Studios'|E'2020-11-29 22:10:42'
172|E'17-Bit'|E'2020-11-29 22:10:42'
173|E'Plug In Digital'|E'2020-11-29 22:10:42'
174|E'Level Up Labs'|E'2020-11-29 22:10:42'
175|E'Inti Creates'|E'2020-11-29 22:10:42'
176|E'Kojima Productions'|E'2020-11-29 22:10:42'
177|E'Klei Entertainment'|E'2020-11-29 22:10:42'
178|E'DotEmu'|E'2020-11-29 22:10:42'
179|E'Asteroid Base'|E'2020-11-29 22:10:42'
180|E'Survios'|E'2020-11-29 22:10:42'
181|E'Skybound Games'|E'2020-11-29 22:10:42'
182|E'Sabotage Studio'|E'2020-11-29 22:10:42'
183|E'Kalypso'|E'2020-11-29 22:10:42'
184|E'Double Eleven'|E'2020-11-29 22:10:42'
185|E'Robot Entertainment'|E'2020-11-29 22:10:42'
186|E'Arvore Immersive Experiences, LLC'|E'2020-11-29 22:10:42'
187|E'William Chyr Studio LLC'|E'2020-11-29 22:10:42'
188|E'Digital Dreams'|E'2020-11-29 22:10:42'
189|E'Headup Games'|E'2020-11-29 22:10:42'
190|E'Ninja Theory'|E'2020-11-29 22:10:42'
191|E'Crytek'|E'2020-11-29 22:10:42'
192|E'X.D. Network Inc.'|E'2020-11-29 22:10:42'
193|E'David Wehle'|E'2020-11-29 22:10:42'
194|E'Milkbag Games'|E'2020-11-29 22:10:42'
195|E'Paper Cult'|E'2020-11-29 22:10:42'
196|E'SNK Corporation'|E'2020-11-29 22:10:42'
197|E'GameTrust'|E'2020-11-29 22:10:42'
198|E'Cardboard Utopia'|E'2020-11-29 22:10:42'
199|E'Fatshark AB'|E'2020-11-29 22:10:42'
200|E'FitXR'|E'2020-11-29 22:10:42'
201|E'DECK13 Spotlight'|E'2020-11-29 22:10:42'
202|E'LegionVR, LLC'|E'2020-11-29 22:10:42'
203|E'Hopoo Games'|E'2020-11-29 22:10:42'
204|E'The Astronauts'|E'2020-11-29 22:10:42'
205|E'Nordic Games Publishing'|E'2020-11-29 22:10:42'
206|E'MWM Interactive'|E'2020-11-29 22:10:42'
207|E'Bigben Interactive'|E'2020-11-29 22:10:42'
208|E'Choice Provisions'|E'2020-11-29 22:10:42'
209|E'miHoYo'|E'2020-11-29 22:10:42'
210|E'Scott Cawthon'|E'2020-11-29 22:10:42'
211|E'Epic Games'|E'2020-11-29 22:10:42'
212|E'Clever Endeavour Games'|E'2020-11-29 22:10:42'
213|E'Unknown Worlds Entertainment'|E'2020-11-29 22:10:42'
214|E'Secret Location'|E'2020-11-29 22:10:42'
215|E'Pasta Games'|E'2020-11-29 22:10:42'
216|E'Degica'|E'2020-11-29 22:10:42'
217|E'Perfect World Entertainment'|E'2020-11-29 22:10:42'
218|E'Veewo Games'|E'2020-11-29 22:10:42'
219|E'Zoink!'|E'2020-11-29 22:10:42'
220|E'CD Projekt Red Studio'|E'2020-11-29 22:10:42'
221|E'Big Sugar Films'|E'2020-11-29 22:10:42'
222|E'Tequila Works'|E'2020-11-29 22:10:42'
223|E'Maximum Games'|E'2020-11-29 22:10:42'
224|E'Black Forest Games'|E'2020-11-29 22:10:42'
225|E'Tribetoy'|E'2020-11-29 22:10:42'
226|E'Lince Works'|E'2020-11-29 22:10:42'
227|E'Idea Factory'|E'2020-11-29 22:10:42'
228|E'Phoenix Labs'|E'2020-11-29 22:10:42'
229|E'Pillow Castle Games'|E'2020-11-29 22:10:42'
230|E'Heart Machine'|E'2020-11-29 22:10:42'
231|E'House House'|E'2020-11-29 22:10:42'
232|E'Techland'|E'2020-11-29 22:10:42'
233|E'Pixel Ripped Inc.'|E'2020-11-29 22:10:42'
234|E'Sekai Project'|E'2020-11-29 22:10:42'
235|E'NCSOFT'|E'2020-11-29 22:10:42'
236|E'Crunching Koalas'|E'2020-11-29 22:10:42'
237|E'David OReilly'|E'2020-11-29 22:10:42'
238|E'Versus Evil'|E'2020-11-29 22:10:42'
239|E'Wired Productions'|E'2020-11-29 22:10:42'
240|E'Milkstone Studios'|E'2020-11-29 22:10:42'
241|E'Dead Mage Studio'|E'2020-11-29 22:10:42'
242|E'Microsoft Game Studios'|E'2020-11-29 22:10:42'
243|E'Microsoft'|E'2020-11-29 22:10:42'
244|E'Bizarre Creations'|E'2020-11-29 22:10:42'
245|E'Vivendi Games'|E'2020-11-29 22:10:42'
246|E'Twisted Pixel Games'|E'2020-11-29 22:10:42'
247|E'RedOctane'|E'2020-11-29 22:10:42'
248|E'Aspyr'|E'2020-11-29 22:10:42'
249|E'Dreamloop Games'|E'2020-11-29 22:10:42'
250|E'Panic Inc.'|E'2020-11-29 22:10:42'
251|E'Shin''en'|E'2020-11-29 22:10:42'
252|E'InXile Entertainment'|E'2020-11-29 22:10:42'
253|E'ROCKFISH Games'|E'2020-11-29 22:10:42'
254|E'Messhof'|E'2020-11-29 22:10:42'
255|E'Through Games'|E'2020-11-29 22:10:42'
256|E'Flippfly'|E'2020-11-29 22:10:42'
257|E'Triple Topping Games'|E'2020-11-29 22:10:42'
258|E'BlitWorks'|E'2020-11-29 22:10:42'
259|E'Size Five Games'|E'2020-11-29 22:10:42'
260|E'Capybara Games'|E'2020-11-29 22:10:42'
261|E'Void Star Creations'|E'2020-11-29 22:10:42'
262|E'Majesco Games'|E'2020-11-29 22:10:42'
263|E'D3Publisher'|E'2020-11-29 22:10:42'
264|E'3D Realms'|E'2020-11-29 22:10:42'
265|E'Introversion'|E'2020-11-29 22:10:42'
266|E'NinjaBee'|E'2020-11-29 22:10:42'
267|E'2K Play'|E'2020-11-29 22:10:42'
268|E'Hidden Path Entertainment'|E'2020-11-29 22:10:42'
269|E'Qute'|E'2020-11-29 22:10:42'
270|E'Grinding Gear Games'|E'2020-11-29 22:10:42'
271|E'Coffee Stain Publishing'|E'2020-11-29 22:10:42'
272|E'Home Entertainment Suppliers'|E'2020-11-29 22:10:42'
273|E'Frontier Developments'|E'2020-11-29 22:10:42'
274|E'Frictional Games'|E'2020-11-29 22:10:42'
275|E'Abylight'|E'2020-11-29 22:10:42'
276|E'Curve Digital'|E'2020-11-29 22:10:42'
277|E'Buka Entertainment'|E'2020-11-29 22:10:42'
278|E'The Arcade Crew'|E'2020-11-29 22:10:42'
279|E'Coatsink Software'|E'2020-11-29 22:10:42'
280|E'Other Ocean Interactive'|E'2020-11-29 22:10:42'
281|E'Gearbox Publishing'|E'2020-11-29 22:10:42'
282|E'Performance Designed Products'|E'2020-11-29 22:10:42'
283|E'Massive Entertainment'|E'2020-11-29 22:10:42'
284|E'ORiGO GAMES'|E'2020-11-29 22:10:42'
285|E'tinyBuild'|E'2020-11-29 22:10:42'
286|E'MixedBag'|E'2020-11-29 22:10:42'
287|E'Press Play'|E'2020-11-29 22:10:42'
288|E'HandyGames'|E'2020-11-29 22:10:42'
289|E'Tantalus'|E'2020-11-29 22:10:42'
290|E'Empire Interactive'|E'2020-11-29 22:10:42'
291|E'Valcon Games'|E'2020-11-29 22:10:42'
292|E'Sierra Online'|E'2020-11-29 22:10:42'
293|E'GarageGames'|E'2020-11-29 22:10:42'
294|E'Supra Games'|E'2020-11-29 22:10:42'
295|E'Raw Fury'|E'2020-11-29 22:10:42'
296|E'Playniac'|E'2020-11-29 22:10:42'
297|E'Curve Digital Games'|E'2020-11-29 22:10:42'
298|E'Infinite Dreams Inc.'|E'2020-11-29 22:10:42'
299|E'Artifex Mundi'|E'2020-11-29 22:10:42'
300|E'Digerati Distribution'|E'2020-11-29 22:10:42'
301|E'Sold Out'|E'2020-11-29 22:10:42'
302|E'The Voxel Agents'|E'2020-11-29 22:10:42'
303|E'Crazy Monkey Studios'|E'2020-11-29 22:10:42'
304|E'Modus Games'|E'2020-11-29 22:10:42'
305|E'Kongregate'|E'2020-11-29 22:10:42'
306|E'Triangle Studios'|E'2020-11-29 22:10:42'
307|E'SMG Studio'|E'2020-11-29 22:10:42'
308|E'Funcom'|E'2020-11-29 22:10:42'
309|E'Red Barrels'|E'2020-11-29 22:10:42'
310|E'Mad Fellows Ltd'|E'2020-11-29 22:10:42'
311|E'Monomi Park'|E'2020-11-29 22:10:42'
312|E'Awesome Games Studio'|E'2020-11-29 22:10:42'
313|E'Armor Games'|E'2020-11-29 22:10:42'
314|E'Ndemic Creations'|E'2020-11-29 22:10:42'
315|E'League of Geeks'|E'2020-11-29 22:10:42'
316|E'The Quantum Astrophysicists Guild'|E'2020-11-29 22:10:42'
317|E'Hi-Rez Studios'|E'2020-11-29 22:10:42'
318|E'NeocoreGames'|E'2020-11-29 22:10:42'
319|E'Gaijin Entertainment'|E'2020-11-29 22:10:42'
320|E''|E'2020-11-29 22:10:42'
321|E'PixelNAUTS'|E'2020-11-29 22:10:42'
322|E'Sumo Digital'|E'2020-11-29 22:10:42'
323|E'WayForward'|E'2020-11-29 22:10:42'
324|E'Abstraction Games'|E'2020-11-29 22:10:42'
325|E'Fire Hose Games'|E'2020-11-29 22:10:42'
326|E'Tripwire Interactive'|E'2020-11-29 22:10:42'
327|E'Private Division'|E'2020-11-29 22:10:42'
328|E'SadSquare Studio'|E'2020-11-29 22:10:42'
329|E'Tribute Games'|E'2020-11-29 22:10:42'
330|E'Big Ant Studios'|E'2020-11-29 22:10:42'
331|E'Rain Games'|E'2020-11-29 22:10:42'
332|E'VooFoo Studios'|E'2020-11-29 22:10:42'
333|E'Ravenscourt'|E'2020-11-29 22:10:42'
334|E'Night Dive Studios'|E'2020-11-29 22:10:42'
335|E'Rising Star Games'|E'2020-11-29 22:10:42'
336|E'Xbox Game Studios'|E'2020-11-29 22:10:42'
337|E'Prideful Sloth'|E'2020-11-29 22:10:42'
338|E'PaperSeven'|E'2020-11-29 22:10:42'
339|E'VU Games'|E'2020-11-29 22:10:42'
340|E'Sports Interactive'|E'2020-11-29 22:10:42'
341|E'Sierra Entertainment'|E'2020-11-29 22:10:42'
342|E'Interplay'|E'2020-11-29 22:10:42'
343|E'Virgin Interactive'|E'2020-11-29 22:10:42'
344|E'MicroProse'|E'2020-11-29 22:10:42'
345|E'id Software'|E'2020-11-29 22:10:42'
346|E'Wube Software LTD.'|E'2020-11-29 22:10:42'
347|E'Mojang AB'|E'2020-11-29 22:10:42'
348|E'Maxis'|E'2020-11-29 22:10:42'
349|E'Looking Glass Studios'|E'2020-11-29 22:10:42'
350|E'GT Interactive'|E'2020-11-29 22:10:42'
351|E'Stardock'|E'2020-11-29 22:10:42'
352|E'Out Of The Park Developments'|E'2020-11-29 22:10:42'
353|E'Bungie Software'|E'2020-11-29 22:10:42'
354|E'Cardboard Computer'|E'2020-11-29 22:10:42'
355|E'Fox Interactive'|E'2020-11-29 22:10:42'
356|E'ZA/UM'|E'2020-11-29 22:10:42'
357|E'increpare'|E'2020-11-29 22:10:42'
358|E'BitFinity'|E'2020-11-29 22:10:42'
359|E'Infogrames'|E'2020-11-29 22:10:42'
360|E'Zachtronics Industries'|E'2020-11-29 22:10:42'
361|E'Graphsim Entertainment'|E'2020-11-29 22:10:42'
362|E'Crave'|E'2020-11-29 22:10:42'
363|E'My Dog Zorro'|E'2020-11-29 22:10:42'
364|E'Subset Games'|E'2020-11-29 22:10:42'
365|E'10tacle Studios'|E'2020-11-29 22:10:42'
366|E'Westwood Studios'|E'2020-11-29 22:10:42'
367|E'Draw Me A Pixel'|E'2020-11-29 22:10:42'
368|E'Battlefront.com'|E'2020-11-29 22:10:42'
369|E'Gathering'|E'2020-11-29 22:10:42'
370|E'Accolade'|E'2020-11-29 22:10:42'
371|E'Matrix Games'|E'2020-11-29 22:10:42'
372|E'Ready at Dawn'|E'2020-11-29 22:10:42'
373|E'3909'|E'2020-11-29 22:10:42'
374|E'Oculus Studios'|E'2020-11-29 22:10:42'
375|E'New Blood Interactive'|E'2020-11-29 22:10:42'
376|E'GMX Media'|E'2020-11-29 22:10:42'
377|E'SQUADTeam'|E'2020-11-29 22:10:42'
378|E'Terry Cavanagh'|E'2020-11-29 22:10:42'
379|E'Blendo Games'|E'2020-11-29 22:10:42'
380|E'Monolith Productions'|E'2020-11-29 22:10:42'
381|E'2x2 Games'|E'2020-11-29 22:10:42'
382|E'Galactic Cafe'|E'2020-11-29 22:10:42'
383|E'Peter Stock'|E'2020-11-29 22:10:42'
384|E'Mythic Entertainment'|E'2020-11-29 22:10:42'
385|E'Harebrained Schemes LLC'|E'2020-11-29 22:10:42'
386|E'Strategy First'|E'2020-11-29 22:10:42'
387|E'Ludeon Studios'|E'2020-11-29 22:10:42'
388|E'Hempuli Oy'|E'2020-11-29 22:10:42'
389|E'Simogo'|E'2020-11-29 22:10:42'
390|E'Hasbro Interactive'|E'2020-11-29 22:10:42'
391|E'The Fighter Collection'|E'2020-11-29 22:10:42'
392|E'Riot Games'|E'2020-11-29 22:10:42'
393|E'Wadjet Eye Games'|E'2020-11-29 22:10:42'
394|E'Failbetter Games'|E'2020-11-29 22:10:42'
395|E'Kitfox Games'|E'2020-11-29 22:10:42'
396|E'Gameforge'|E'2020-11-29 22:10:42'
397|E'Asymmetric Publications'|E'2020-11-29 22:10:42'
398|E'machineboy'|E'2020-11-29 22:10:42'
399|E'DANGEN Entertainment'|E'2020-11-29 22:10:42'
400|E'Humongous Entertainment'|E'2020-11-29 22:10:42'
401|E'Shrapnel Games'|E'2020-11-29 22:10:42'
402|E'Slitherine'|E'2020-11-29 22:10:42'
403|E'Sam Barlow'|E'2020-11-29 22:10:42'
404|E'Gearbox Software'|E'2020-11-29 22:10:42'
405|E'Daniel Mullins Games'|E'2020-11-29 22:10:42'
406|E'Resolution Games'|E'2020-11-29 22:10:42'
407|E'Red Storm Entertainment'|E'2020-11-29 22:10:42'
408|E'Almost Human'|E'2020-11-29 22:10:42'
409|E'Good Shepherd Entertainment'|E'2020-11-29 22:10:42'
410|E'Jacob Janerka'|E'2020-11-29 22:10:42'
411|E'Stunlock Studios'|E'2020-11-29 22:10:42'
412|E'Sir-Tech Software Inc.'|E'2020-11-29 22:10:42'
413|E'Red Candle Games'|E'2020-11-29 22:10:42'
414|E'Turbine Inc.'|E'2020-11-29 22:10:42'
415|E'Viva Media'|E'2020-11-29 22:10:42'
416|E'Snapshot Games Inc.'|E'2020-11-29 22:10:42'
417|E'Spooky Squid Games'|E'2020-11-29 22:10:42'
418|E'Nintendo'|E'2020-11-29 22:10:42'
419|E'Vblank Entertainment Inc.'|E'2020-11-29 22:10:42'
420|E'Limited Run Games'|E'2020-11-29 22:10:42'
421|E'Game Grumps'|E'2020-11-29 22:10:42'
422|E'Whippoorwill Limited'|E'2020-11-29 22:10:42'
423|E'Flyhigh Works'|E'2020-11-29 22:10:42'
424|E'World Pavilion'|E'2020-11-29 22:10:42'
425|E'Digital Extremes'|E'2020-11-29 22:10:42'
426|E'Radial Games Corp.'|E'2020-11-29 22:10:42'
427|E'Vertigo Games'|E'2020-11-29 22:10:42'
428|E'Finji'|E'2020-11-29 22:10:42'
429|E'SFB Games'|E'2020-11-29 22:10:42'
430|E'Renegade Kid'|E'2020-11-29 22:10:42'
431|E'No More Robots'|E'2020-11-29 22:10:42'
432|E'Mebius'|E'2020-11-29 22:10:42'
433|E'Triband'|E'2020-11-29 22:10:42'
434|E'Kasedo Games'|E'2020-11-29 22:10:42'
435|E'Two Tribes'|E'2020-11-29 22:10:42'
436|E'inkle'|E'2020-11-29 22:10:42'
437|E'Doragon Entertainment'|E'2020-11-29 22:10:42'
438|E'Hamster'|E'2020-11-29 22:10:42'
439|E'Freebird Games'|E'2020-11-29 22:10:42'
440|E'Berzerk Studio'|E'2020-11-29 22:10:42'
441|E'Silver Dollar Games'|E'2020-11-29 22:10:42'
442|E'Zeboyd Games'|E'2020-11-29 22:10:42'
443|E'Double Damage Games'|E'2020-11-29 22:10:42'
444|E'Taito Corporation'|E'2020-11-29 22:10:42'
445|E'Gambitious'|E'2020-11-29 22:10:42'
446|E'Liquid Bit'|E'2020-11-29 22:10:42'
447|E'LINE Games'|E'2020-11-29 22:10:42'
448|E'Pixelatto'|E'2020-11-29 22:10:42'
449|E'Parallel Circles'|E'2020-11-29 22:10:42'
450|E'Aquiris Game Studio'|E'2020-11-29 22:10:42'
451|E'Ignition Publishing'|E'2020-11-29 22:10:42'
452|E'ARTE France'|E'2020-11-29 22:10:42'
453|E'Powerhoof'|E'2020-11-29 22:10:42'
454|E'Reptile'|E'2020-11-29 22:10:42'
455|E'Dumb and Fat Games'|E'2020-11-29 22:10:42'
456|E'PM Studios Inc.'|E'2020-11-29 22:10:42'
457|E'Night School Studio'|E'2020-11-29 22:10:42'
458|E'Mi''pu''mi Games'|E'2020-11-29 22:10:42'
459|E'Fellow Traveller'|E'2020-11-29 22:10:42'
460|E'Vertical Reach'|E'2020-11-29 22:10:42'
461|E'Retroid'|E'2020-11-29 22:10:42'
462|E'Wales Interactive Ltd.'|E'2020-11-29 22:10:42'
463|E'Spooky Doorway'|E'2020-11-29 22:10:42'
464|E'Greenheart Games'|E'2020-11-29 22:10:42'
465|E'NExT Studios'|E'2020-11-29 22:10:42'
466|E'Stoic'|E'2020-11-29 22:10:42'
467|E'Caracal Games'|E'2020-11-29 22:10:42'
468|E'Crazy Viking Studios'|E'2020-11-29 22:10:42'
469|E'Natsume'|E'2020-11-29 22:10:42'
470|E'QubicGames'|E'2020-11-29 22:10:42'
471|E'Northplay ApS'|E'2020-11-29 22:10:42'
472|E'Lightning Games'|E'2020-11-29 22:10:42'
473|E'Nippon Ichi Software'|E'2020-11-29 22:10:42'
474|E'Baltoro Games'|E'2020-11-29 22:10:42'
475|E'Elden Pixels'|E'2020-11-29 22:10:42'
476|E'Seaven Studio'|E'2020-11-29 22:10:42'
477|E'Bloober Team'|E'2020-11-29 22:10:42'
478|E'Tender Claws'|E'2020-11-29 22:10:42'
479|E'Impact Gameworks'|E'2020-11-29 22:10:42'
480|E'Ratalaika Games'|E'2020-11-29 22:10:42'
481|E'Tencent'|E'2020-11-29 22:10:42'
482|E'Mike Bithell'|E'2020-11-29 22:10:42'
483|E'UKIYO PUBLISHING LIMITED'|E'2020-11-29 22:10:42'
484|E'Aurelien Regard'|E'2020-11-29 22:10:42'
485|E'NG:DEV.TEAM'|E'2020-11-29 22:10:42'
486|E'Secret Base'|E'2020-11-29 22:10:42'
487|E'Bulkypix'|E'2020-11-29 22:10:42'
488|E'Loveshack Entertainment'|E'2020-11-29 22:10:42'
489|E'Syndicate Atomic, LLC'|E'2020-11-29 22:10:42'
490|E'Kwalee Ltd'|E'2020-11-29 22:10:42'
491|E'Ink Kit'|E'2020-11-29 22:10:42'
492|E'Interactive Productline IP AB'|E'2020-11-29 22:10:42'
493|E'Yak & Co'|E'2020-11-29 22:10:42'
494|E'CI Games'|E'2020-11-29 22:10:42'
495|E'IlluminationGames'|E'2020-11-29 22:10:42'
496|E'Horberg Productions'|E'2020-11-29 22:10:42'
497|E'Discord Games'|E'2020-11-29 22:10:42'
498|E'SideBar Games'|E'2020-11-29 22:10:42'
499|E'Serenity Forge'|E'2020-11-29 22:10:42'
500|E'aeiowu'|E'2020-11-29 22:10:42'
501|E'7Levels'|E'2020-11-29 22:10:42'
502|E'acttil llc.'|E'2020-11-29 22:10:42'
503|E'Red Panda Games'|E'2020-11-29 22:10:42'
504|E'Tin Man Games'|E'2020-11-29 22:10:42'
505|E'The Irregular Corporation'|E'2020-11-29 22:10:42'
506|E'D3 Go!'|E'2020-11-29 22:10:42'
507|E'Application Systems Heidelberg'|E'2020-11-29 22:10:42'
508|E'Onion Games'|E'2020-11-29 22:10:42'
509|E'Lightwood Games'|E'2020-11-29 22:10:42'
510|E'Square EA'|E'2020-11-29 22:10:42'
511|E'Atlus Co.'|E'2020-11-29 22:10:42'
512|E'Bam Entertainment'|E'2020-11-29 22:10:42'
513|E'3DO'|E'2020-11-29 22:10:42'
514|E'Koei'|E'2020-11-29 22:10:42'
515|E'Working Designs'|E'2020-11-29 22:10:42'
516|E'Acclaim'|E'2020-11-29 22:10:42'
517|E'SNK Playmore'|E'2020-11-29 22:10:42'
518|E'Conspiracy Entertainment'|E'2020-11-29 22:10:42'
519|E'Mastiff'|E'2020-11-29 22:10:42'
520|E'Enix Corporation'|E'2020-11-29 22:10:42'
521|E'Sammy Studios'|E'2020-11-29 22:10:42'
522|E'Agetec Inc.'|E'2020-11-29 22:10:42'
523|E'NEC Interchannel'|E'2020-11-29 22:10:42'
524|E'O3 Entertainment'|E'2020-11-29 22:10:42'
525|E'Bandai'|E'2020-11-29 22:10:42'
526|E'Buena Vista Games'|E'2020-11-29 22:10:42'
527|E'SquareSoft'|E'2020-11-29 22:10:42'
528|E'SNK'|E'2020-11-29 22:10:42'
529|E'Gotham Games'|E'2020-11-29 22:10:42'
530|E'Mad Catz'|E'2020-11-29 22:10:42'
531|E'Kemco'|E'2020-11-29 22:10:42'
532|E'Global Star Software'|E'2020-11-29 22:10:42'
533|E'Phantagram'|E'2020-11-29 22:10:42'
534|E'TDK Mediactive'|E'2020-11-29 22:10:42'
535|E'Enlight Software'|E'2020-11-29 22:10:42'
536|E'XS Games'|E'2020-11-29 22:10:42'
537|E'Simon & Schuster'|E'2020-11-29 22:10:42'
538|E'Respondesign'|E'2020-11-29 22:10:42'
539|E'The Adventure Company'|E'2020-11-29 22:10:42'
540|E'Neko Entertainment'|E'2020-11-29 22:10:42'
541|E'BEAUTIFUN GAMES SL'|E'2020-11-29 22:10:42'
542|E'Young Horses, Inc'|E'2020-11-29 22:10:42'
543|E'PlayEveryWare Games'|E'2020-11-29 22:10:42'
544|E'Frima Studio'|E'2020-11-29 22:10:42'
545|E'PhobosLab'|E'2020-11-29 22:10:42'
546|E'KnapNok Games'|E'2020-11-29 22:10:42'
547|E'Mobot Studios LLC'|E'2020-11-29 22:10:42'
548|E'The Digital Lounge'|E'2020-11-29 22:10:42'
549|E'Retroid Interactive'|E'2020-11-29 22:10:42'
550|E'Over The Moon'|E'2020-11-29 22:10:42'
551|E'EnjoyUp Games'|E'2020-11-29 22:10:42'
552|E'Nyamyam'|E'2020-11-29 22:10:42'
553|E'Delirium Studios'|E'2020-11-29 22:10:42'
554|E'The Game Bakers'|E'2020-11-29 22:10:42'
555|E'Midnight City'|E'2020-11-29 22:10:42'
556|E'Breakfall'|E'2020-11-29 22:10:42'
557|E'Rainy Night Creations'|E'2020-11-29 22:10:42'
558|E'Broken Rules'|E'2020-11-29 22:10:42'
559|E'Henchmen Studio'|E'2020-11-29 22:10:42'
560|E'Watermelon Development'|E'2020-11-29 22:10:42'
561|E'klutzGames'|E'2020-11-29 22:10:42'
562|E'Ynnis Interactive'|E'2020-11-29 22:10:42'
563|E'Snow Cannon Games'|E'2020-11-29 22:10:42'
564|E'Cypronia'|E'2020-11-29 22:10:42'
565|E'Dahku Creations'|E'2020-11-29 22:10:42'
566|E'Eclipse Games'|E'2020-11-29 22:10:42'
567|E'Moving Player'|E'2020-11-29 22:10:42'
568|E'RCMADIAX'|E'2020-11-29 22:10:42'
569|E'Dolores Entertainment SL'|E'2020-11-29 22:10:42'
570|E'Hoplite Research'|E'2020-11-29 22:10:42'
571|E'OXiAB Game Studio'|E'2020-11-29 22:10:42'
572|E'Little Orbit'|E'2020-11-29 22:10:42'
573|E'DreamCatcher Interactive'|E'2020-11-29 22:10:42'
574|E'Jaleco Entertainment'|E'2020-11-29 22:10:42'
575|E'Playlogic'|E'2020-11-29 22:10:42'
576|E'Universal Interactive'|E'2020-11-29 22:10:42'
577|E'Groove Games'|E'2020-11-29 22:10:42'
578|E'Frogmind'|E'2020-11-29 22:10:42'
579|E'Tomorrow Corporation'|E'2020-11-29 22:10:42'
580|E'Ludosity Interactive'|E'2020-11-29 22:10:42'
581|E'Dakko Dakko'|E'2020-11-29 22:10:42'
582|E'MP2 Games'|E'2020-11-29 22:10:42'
583|E'ScrewAttack LLC'|E'2020-11-29 22:10:42'
584|E'TOO DX'|E'2020-11-29 22:10:42'
585|E'TicToc Games'|E'2020-11-29 22:10:42'
586|E'4 Corner Games'|E'2020-11-29 22:10:42'
587|E'Ubiquitous Entertainment Inc.'|E'2020-11-29 22:10:42'
588|E'Leuvsion'|E'2020-11-29 22:10:42'
589|E'Actos Games'|E'2020-11-29 22:10:42'
590|E'TreeFallStudios'|E'2020-11-29 22:10:42'
591|E'Carbon Fire Studio'|E'2020-11-29 22:10:42'
592|E'2020 Venture'|E'2020-11-29 22:10:42'
593|E'nuGAME'|E'2020-11-29 22:10:42'
594|E'TreeFall Studios'|E'2020-11-29 22:10:42'
595|E'Gameloft'|E'2020-11-29 22:10:42'
596|E'UFO Interactive'|E'2020-11-29 22:10:42'
597|E'High Voltage Software'|E'2020-11-29 22:10:42'
598|E'XGenStudios'|E'2020-11-29 22:10:42'
599|E'Akaoni Studio'|E'2020-11-29 22:10:42'
600|E'Destineer'|E'2020-11-29 22:10:42'
601|E'Onteca'|E'2020-11-29 22:10:42'
602|E'The Game Factory'|E'2020-11-29 22:10:42'
603|E'Nnooo'|E'2020-11-29 22:10:42'
604|E'Gaijin Games'|E'2020-11-29 22:10:42'
605|E'Hudson Soft'|E'2020-11-29 22:10:42'
606|E'Firemint Pty Ltd'|E'2020-11-29 22:10:42'
607|E'Genius Products, Inc.'|E'2020-11-29 22:10:42'
608|E'Flat Black Films'|E'2020-11-29 22:10:42'
609|E'odenis studio'|E'2020-11-29 22:10:42'
610|E'Knowledge Adventure Inc.'|E'2020-11-29 22:10:42'
611|E'Tetris Online, Inc'|E'2020-11-29 22:10:42'
612|E'Over the Top Games'|E'2020-11-29 22:10:42'
613|E'RedLynx'|E'2020-11-29 22:10:42'
614|E'Ghostfire Games'|E'2020-11-29 22:10:42'
615|E'Game Arts'|E'2020-11-29 22:10:42'
616|E'Tommo'|E'2020-11-29 22:10:42'
617|E'Yuke''s'|E'2020-11-29 22:10:42'
618|E'Zoo Digital Publishing'|E'2020-11-29 22:10:42'
619|E'D3'|E'2020-11-29 22:10:42'
620|E'City Interactive'|E'2020-11-29 22:10:42'
621|E'Tomy Corporation'|E'2020-11-29 22:10:42'
622|E'Cosmonaut Games'|E'2020-11-29 22:10:42'
623|E'Shanblue Interactive'|E'2020-11-29 22:10:42'
624|E'Nocturnal Entertainment'|E'2020-11-29 22:10:42'
625|E'Tons of Bits'|E'2020-11-29 22:10:42'
626|E'Deep Fried Entertainment'|E'2020-11-29 22:10:42'
627|E'SouthPeak Games'|E'2020-11-29 22:10:42'
628|E'Yullaby'|E'2020-11-29 22:10:42'
629|E'Saturnine Games'|E'2020-11-29 22:10:42'
630|E'Graffiti Entertainment'|E'2020-11-29 22:10:42'
631|E'Legendo Entertainment'|E'2020-11-29 22:10:42'
632|E'Virtual Toys'|E'2020-11-29 22:10:42'
633|E'Brash Entertainment'|E'2020-11-29 22:10:42'
634|E'Lexis Numerique'|E'2020-11-29 22:10:42'
635|E'Kiloo'|E'2020-11-29 22:10:42'
636|E'Sabarasa Entertainment'|E'2020-11-29 22:10:42'
637|E'BiP Media'|E'2020-11-29 22:10:42'
638|E'Gamecock Media Group'|E'2020-11-29 22:10:42'
639|E'Agetec'|E'2020-11-29 22:10:42'
640|E'Room 4 Games Limited'|E'2020-11-29 22:10:42'
641|E'MumboJumbo'|E'2020-11-29 22:10:42'
642|E'Tag Games'|E'2020-11-29 22:10:42'
643|E'Red Wagon Games'|E'2020-11-29 22:10:42'
644|E'Cosmigo'|E'2020-11-29 22:10:42'
645|E'Gamelion Studios'|E'2020-11-29 22:10:42'
646|E'Enjoy Gaming'|E'2020-11-29 22:10:42'
647|E'CIRCLE Entertainment'|E'2020-11-29 22:10:42'
648|E'Wee Man Studios'|E'2020-11-29 22:10:42'
649|E'Corecell Technology'|E'2020-11-29 22:10:42'
650|E'Teyon'|E'2020-11-29 22:10:42'
651|E'Wobbly Tooth Ltd'|E'2020-11-29 22:10:42'
652|E'Collavier'|E'2020-11-29 22:10:42'
653|E'13AM Games'|E'2020-11-29 22:10:42'
654|E'Bplus'|E'2020-11-29 22:10:42'
655|E'Zordix'|E'2020-11-29 22:10:42'
656|E'Mechanic Arms'|E'2020-11-29 22:10:42'
657|E'UTV Ignition Games'|E'2020-11-29 22:10:42'
658|E'GMG Play'|E'2020-11-29 22:10:42'
659|E'Collecting Smiles'|E'2020-11-29 22:10:42'
660|E'Ancient Corp'|E'2020-11-29 22:10:42'
661|E'Mojo Bones'|E'2020-11-29 22:10:42'
662|E'Genius Sonority Inc.'|E'2020-11-29 22:10:42'
663|E'Cinemax'|E'2020-11-29 22:10:42'
664|E'Atooi LLC'|E'2020-11-29 22:10:42'
665|E'Jupiter Corporation'|E'2020-11-29 22:10:42'
666|E'Joindots'|E'2020-11-29 22:10:42'
667|E'Mobile & Game Studio'|E'2020-11-29 22:10:42'
668|E'Engine Software'|E'2020-11-29 22:10:42'
669|E'CoderChild'|E'2020-11-29 22:10:42'
670|E'Spicysoft Corp.'|E'2020-11-29 22:10:42'
671|E'Bergsala-Lightweight'|E'2020-11-29 22:10:42'
672|E'Endgame Studios'|E'2020-11-29 22:10:42'
673|E'Giant Media Group'|E'2020-11-29 22:10:42'
674|E'Insane Code'|E'2020-11-29 22:10:42'
675|E'Four Horses'|E'2020-11-29 22:10:42'
676|E'Big John Games'|E'2020-11-29 22:10:42'
677|E'Office Create'|E'2020-11-29 22:10:42'
678|E'Tate Multimedia'|E'2020-11-29 22:10:42'
679|E'Springloaded'|E'2020-11-29 22:10:42'
680|E'Intense'|E'2020-11-29 22:10:42'
681|E'Tom Create'|E'2020-11-29 22:10:42'
682|E'winterworks'|E'2020-11-29 22:10:42'
683|E'G-STYLE'|E'2020-11-29 22:10:42'
