username|password
theshiningant|password0
muttonsurfing|password1
owlcowglove|password2
bagelthekid|password3
pathsofglory|password4
jadeitestone|password5
hamryefishing|password6
piscesaries|password7
floralpasta|password8
standbymepls|password9
spiderotter|password10
webcokeant|password11
omeganebula|password12
triangulum|password13
lettuceweb|password14
soybeansand|password15
polarboots|password16
footballman|password17
icecreambear|password18
findingemo|password19
tenniscake|password20
marsexpress|password21
sandwichire|password22
waterfallian|password23
lambchopwatermelon|password24
trumpetstyx|password25
ryemeadownet|password26
dogsavannah|password27
galileoleo|password28
quasarfirefly|password29
leafybat|password30
generalchickenegg|password31
gallantbeans|password32
theviolatempo|password33
lizardatsea|password34
pandanet|password35
thelegend27|password36
singingrice|password37
colonelhamburger|password38
crispychaos|password39
